room_name,room_type,x,y,z,depth,degree
balcony_d_9_15,balcony,12.300855529248082,6.088049408643079,25.5,6,6
balcony_d_8_15,balcony,12.300855529248084,6.088049408643079,22.5,6,6
balcony_d_9_20,balcony,14.062082759851082,2.0297135433006264,25.5,10,3
balcony_d_9_9,balcony,9.377465499999998,7.43587,25.5,12,1
balcony_d_9_19,balcony,13.110985500000002,4.5614315,25.500000000000004,11,2
balcony_d_9_7,balcony,11.490726,4.561431499999999,25.5,11,2
balcony_d_9_8,balcony,10.539628649791036,2.0297133569640176,25.5,10,3
balcony_d_9_16,balcony,7.536214500000001,4.6767129999999995,25.500000000000007,8,4
balcony_d_9_14,balcony,4.352219196730165,6.404665071193748,25.499999999999996,8,7
balcony_d_9_10,balcony,8.661294687165313,9.88079761954666,25.500000000000004,10,2
balcony_d_7_15,balcony,12.300855529248086,6.088049408643078,19.5,6,6
balcony_d_8_20,balcony,14.062082759851084,2.029713543300627,22.500000000000007,10,3
balcony_d_8_9,balcony,9.3774655,7.4358699999999995,22.499999999999993,12,1
balcony_d_8_19,balcony,13.110985499999998,4.561431499999999,22.499999999999996,11,2
balcony_d_8_7,balcony,11.490726,4.561431499999999,22.5,11,2
balcony_d_8_8,balcony,10.53962864979104,2.0297133569640176,22.5,10,3
balcony_d_8_16,balcony,7.5362145000000025,4.676713000000001,22.500000000000007,8,4
balcony_d_8_14,balcony,4.352219196730165,6.404665071193749,22.5,8,7
balcony_d_8_10,balcony,8.661294687165316,9.88079761954666,22.500000000000007,10,2
balcony_d_1_15,balcony,12.300855529248087,6.088049408643079,1.5000000000000002,6,6
balcony_d_2_15,balcony,12.300855529248087,6.088049408643079,4.500000000000002,6,6
balcony_d_3_15,balcony,12.300855529248086,6.088049408643079,7.5000000000000036,6,6
balcony_d_4_15,balcony,12.300855529248087,6.08804940864308,10.500000000000002,6,6
balcony_d_5_15,balcony,12.300855529248086,6.088049408643079,13.5,6,6
balcony_d_6_15,balcony,12.300855529248086,6.088049408643078,16.500000000000004,2,6
balcony_d_9_18,balcony,13.110985499999998,3.2757910000000003,25.5,12,1
balcony_d_7_10,balcony,8.661294687165316,9.880797619546659,19.499999999999996,10,2
balcony_d_6_10,balcony,8.661294687165316,9.880797619546659,16.5,6,2
balcony_d_5_10,balcony,8.661294687165316,9.880797619546655,13.499999999999998,10,2
balcony_d_4_10,balcony,8.661294687165316,9.880797619546659,10.5,10,2
balcony_d_3_10,balcony,8.661294687165315,9.880797619546655,7.499999999999999,10,2
balcony_d_2_10,balcony,8.661294687165316,9.880797619546659,4.499999999999998,10,2
balcony_d_1_10,balcony,8.661294687165316,9.880797619546659,1.4999999999999998,10,2
balcony_d_1_9,balcony,9.3774655,7.43587,1.4999999999999998,12,1
balcony_d_7_9,balcony,9.377465500000001,7.435870000000001,19.5,12,1
balcony_d_6_9,balcony,9.377465500000001,7.435870000000001,16.5,8,1
balcony_d_5_9,balcony,9.3774655,7.435870000000001,13.500000000000004,12,1
balcony_d_4_9,balcony,9.377465500000003,7.435870000000001,10.499999999999998,12,1
balcony_d_3_9,balcony,9.377465500000001,7.435870000000001,7.500000000000001,12,1
balcony_d_2_9,balcony,9.3774655,7.43587,4.5,12,1
balcony_d_9_6,balcony,11.490726000000002,3.2757910000000003,25.500000000000007,11,2
balcony_d_9_17,balcony,7.5362145,1.914213,25.499999999999996,10,1
balcony_d_9_3,balcony,4.349142999999999,3.2621309999999992,25.499999999999993,10,2
balcony_d_9_13,balcony,0.8131260000000001,5.88339,25.5,10,1
balcony_d_9_2,balcony,0.8131259999999998,7.3992369999999985,25.500000000000004,10,1
balcony_d_9_1,balcony,1.8642119999999993,10.2771985,25.500000000000004,10,1
balcony_d_9_11,balcony,5.4279969999999995,9.522138500000002,25.499999999999996,10,1
balcony_d_9_12,balcony,1.4379274999999987,3.2621310000000014,25.499999999999996,10,2
balcony_d_7_20,balcony,14.062082759851082,2.0297135433006273,19.500000000000007,10,3
balcony_d_7_19,balcony,13.1109855,4.5614315,19.5,11,2
balcony_d_7_7,balcony,11.490726,4.561431499999999,19.499999999999996,11,2
balcony_d_7_8,balcony,10.539628649791036,2.0297133569640176,19.499999999999996,10,3
balcony_d_7_16,balcony,7.536214499999999,4.6767129999999995,19.5,8,4
balcony_d_7_14,balcony,4.352219196730164,6.404665071193748,19.499999999999993,8,7
balcony_d_8_18,balcony,13.110985500000002,3.2757910000000003,22.5,12,1
balcony_d_8_6,balcony,11.490726000000002,3.275791,22.5,11,2
balcony_d_8_17,balcony,7.536214500000002,1.9142129999999995,22.500000000000007,10,1
balcony_d_8_3,balcony,4.349143000000001,3.262131000000001,22.5,10,2
balcony_d_8_11,balcony,5.4279969999999995,9.522138500000002,22.5,10,1
balcony_d_8_12,balcony,1.4379274999999987,3.2621310000000006,22.499999999999996,10,2
balcony_d_8_13,balcony,0.8131260000000008,5.88339,22.500000000000004,10,1
balcony_d_8_2,balcony,0.8131260000000001,7.399237,22.5,10,1
balcony_d_8_1,balcony,1.8642119999999995,10.2771985,22.499999999999996,10,1
balcony_d_1_20,balcony,14.062082759851082,2.0297135433006273,1.5,10,3
balcony_d_1_19,balcony,13.1109855,4.561431499999999,1.5,11,2
balcony_d_1_7,balcony,11.490726,4.5614315,1.5000000000000002,11,2
balcony_d_1_8,balcony,10.539628649791036,2.0297133569640176,1.5,10,3
balcony_d_1_16,balcony,7.5362145,4.6767129999999995,1.5000000000000002,8,4
balcony_d_1_14,balcony,4.352219196730166,6.40466507119375,1.5000000000000002,8,7
balcony_d_2_20,balcony,14.062082759851082,2.029713543300627,4.5,10,3
balcony_d_2_19,balcony,13.1109855,4.561431499999999,4.499999999999999,11,2
balcony_d_2_7,balcony,11.490726,4.5614315,4.500000000000001,11,2
balcony_d_2_8,balcony,10.539628649791036,2.0297133569640176,4.5,10,3
balcony_d_2_16,balcony,7.5362145,4.6767129999999995,4.500000000000002,8,4
balcony_d_2_14,balcony,4.352219196730164,6.404665071193747,4.499999999999997,8,7
balcony_d_3_20,balcony,14.062082759851085,2.029713543300627,7.500000000000001,10,3
balcony_d_3_19,balcony,13.110985499999998,4.5614315,7.5,11,2
balcony_d_3_7,balcony,11.490725999999997,4.5614314999999985,7.499999999999999,11,2
balcony_d_3_8,balcony,10.539628649791037,2.0297133569640184,7.500000000000001,10,3
balcony_d_3_16,balcony,7.536214499999999,4.676712999999999,7.5,8,4
balcony_d_3_14,balcony,4.352219196730164,6.404665071193747,7.499999999999998,8,7
balcony_d_4_20,balcony,14.062082759851085,2.0297135433006273,10.500000000000002,10,3
balcony_d_4_19,balcony,13.110985499999998,4.561431499999999,10.5,11,2
balcony_d_4_7,balcony,11.490725999999999,4.561431499999999,10.500000000000002,11,2
balcony_d_4_8,balcony,10.539628649791037,2.0297133569640184,10.500000000000004,10,3
balcony_d_4_16,balcony,7.536214500000001,4.676713,10.500000000000004,8,4
balcony_d_4_14,balcony,4.352219196730164,6.404665071193747,10.499999999999998,8,7
balcony_d_5_20,balcony,14.062082759851082,2.0297135433006273,13.500000000000002,10,3
balcony_d_5_19,balcony,13.110985499999998,4.561431499999999,13.499999999999996,11,2
balcony_d_5_7,balcony,11.490725999999999,4.561431499999999,13.500000000000002,11,2
balcony_d_5_8,balcony,10.539628649791037,2.0297133569640184,13.500000000000002,10,3
balcony_d_5_16,balcony,7.5362145,4.6767129999999995,13.5,8,4
balcony_d_5_14,balcony,4.352219196730164,6.40466507119375,13.5,8,7
balcony_d_6_20,balcony,14.062082759851082,2.029713543300627,16.500000000000004,6,3
balcony_d_6_19,balcony,13.110985499999998,4.561431499999999,16.499999999999996,7,2
balcony_d_6_7,balcony,11.490725999999999,4.5614314999999985,16.5,7,2
balcony_d_6_8,balcony,10.53962864979104,2.0297133569640184,16.5,6,3
balcony_d_6_16,balcony,7.536214500000001,4.676713,16.500000000000004,4,4
balcony_d_6_14,balcony,4.352219196730164,6.404665071193747,16.499999999999996,4,7
balcony_d_7_11,balcony,5.427996999999999,9.522138499999999,19.5,10,1
balcony_d_6_11,balcony,5.4279969999999995,9.522138499999999,16.499999999999996,6,1
balcony_d_5_11,balcony,5.4279969999999995,9.522138500000002,13.499999999999998,10,1
balcony_d_4_11,balcony,5.4279969999999995,9.5221385,10.499999999999998,10,1
balcony_d_3_11,balcony,5.4279969999999995,9.522138500000004,7.500000000000001,10,1
balcony_d_2_11,balcony,5.4279969999999995,9.522138500000002,4.5,10,1
balcony_d_1_11,balcony,5.427997,9.522138500000004,1.5,10,1
balcony_d_9_5,balcony,4.349142999999999,0.49963099999999977,25.499999999999996,12,1
balcony_d_9_4,balcony,1.4379274999999985,0.4996309999999997,25.499999999999996,11,2
balcony_d_7_18,balcony,13.1109855,3.2757910000000003,19.5,12,1
balcony_d_7_6,balcony,11.490725999999999,3.275791,19.5,11,2
balcony_d_7_17,balcony,7.536214500000001,1.9142129999999997,19.5,10,1
balcony_d_7_3,balcony,4.349143,3.2621310000000006,19.500000000000004,10,2
balcony_d_7_12,balcony,1.4379274999999991,3.262131000000001,19.5,10,2
balcony_d_7_13,balcony,0.8131260000000007,5.88339,19.5,10,1
balcony_d_7_2,balcony,0.8131260000000002,7.399237,19.499999999999996,10,1
balcony_d_7_1,balcony,1.8642119999999986,10.277198499999999,19.5,10,1
balcony_d_8_5,balcony,4.349142999999997,0.4996309999999997,22.499999999999996,12,1
balcony_d_8_4,balcony,1.4379274999999985,0.49963099999999977,22.499999999999996,11,2
balcony_d_1_18,balcony,13.110985499999998,3.2757909999999995,1.4999999999999996,12,1
balcony_d_1_6,balcony,11.490725999999997,3.2757909999999995,1.5,11,2
balcony_d_1_17,balcony,7.5362145000000025,1.9142130000000002,1.5000000000000002,10,1
balcony_d_1_3,balcony,4.349142999999999,3.2621310000000014,1.4999999999999998,10,2
balcony_d_1_12,balcony,1.4379274999999982,3.262131,1.5,10,2
balcony_d_1_13,balcony,0.8131260000000008,5.88339,1.4999999999999998,10,1
balcony_d_1_2,balcony,0.813126,7.3992369999999985,1.5,10,1
balcony_d_1_1,balcony,1.8642119999999986,10.277198499999999,1.5,10,1
balcony_d_2_18,balcony,13.1109855,3.275791,4.499999999999999,12,1
balcony_d_2_6,balcony,11.490725999999997,3.2757909999999995,4.499999999999999,11,2
balcony_d_2_17,balcony,7.536214500000002,1.9142129999999995,4.500000000000001,10,1
balcony_d_2_3,balcony,4.349142999999999,3.2621309999999997,4.499999999999998,10,2
balcony_d_2_12,balcony,1.4379274999999987,3.2621310000000006,4.499999999999999,10,2
balcony_d_2_13,balcony,0.8131260000000008,5.88339,4.5,10,1
balcony_d_2_2,balcony,0.813126,7.3992369999999985,4.499999999999999,10,1
balcony_d_2_1,balcony,1.8642119999999989,10.2771985,4.5,10,1
balcony_d_3_18,balcony,13.1109855,3.275791,7.499999999999999,12,1
balcony_d_3_6,balcony,11.490726000000002,3.275791,7.5,11,2
balcony_d_3_17,balcony,7.536214500000002,1.9142129999999993,7.500000000000001,10,1
balcony_d_3_3,balcony,4.349143,3.262131000000001,7.499999999999999,10,2
balcony_d_3_12,balcony,1.4379274999999991,3.262131000000002,7.5,10,2
balcony_d_3_13,balcony,0.8131260000000008,5.8833899999999995,7.5,10,1
balcony_d_3_2,balcony,0.813126,7.3992369999999985,7.499999999999999,10,1
balcony_d_3_1,balcony,1.8642119999999989,10.277198499999999,7.5,10,1
balcony_d_4_18,balcony,13.1109855,3.275791,10.499999999999996,12,1
balcony_d_4_6,balcony,11.490726,3.275791,10.5,11,2
balcony_d_4_17,balcony,7.536214500000002,1.914213,10.500000000000002,10,1
balcony_d_4_3,balcony,4.349143,3.2621310000000006,10.5,10,2
balcony_d_4_12,balcony,1.437927499999999,3.262131000000001,10.5,10,2
balcony_d_4_13,balcony,0.8131260000000006,5.8833899999999995,10.5,10,1
balcony_d_4_2,balcony,0.813126,7.3992369999999985,10.5,10,1
balcony_d_4_1,balcony,1.8642119999999986,10.277198499999999,10.499999999999998,10,1
balcony_d_5_18,balcony,13.110985499999998,3.2757909999999995,13.499999999999998,12,1
balcony_d_5_6,balcony,11.490726,3.275791,13.5,11,2
balcony_d_5_17,balcony,7.5362145,1.9142129999999995,13.5,10,1
balcony_d_5_3,balcony,4.349143,3.2621310000000006,13.500000000000002,10,2
balcony_d_5_12,balcony,1.4379274999999991,3.262131000000001,13.5,10,2
balcony_d_5_13,balcony,0.8131260000000008,5.88339,13.500000000000002,10,1
balcony_d_5_2,balcony,0.813126,7.3992369999999985,13.499999999999998,10,1
balcony_d_5_1,balcony,1.8642119999999989,10.2771985,13.499999999999998,10,1
balcony_d_6_18,balcony,13.1109855,3.275791,16.499999999999996,8,1
balcony_d_6_6,balcony,11.490726,3.275791,16.5,7,2
balcony_d_6_17,balcony,7.5362145,1.9142129999999993,16.5,6,1
balcony_d_6_3,balcony,4.349143,3.2621310000000006,16.5,6,2
balcony_d_6_12,balcony,1.4379274999999991,3.262131000000001,16.5,6,2
balcony_d_6_13,balcony,0.8131260000000008,5.883390000000001,16.5,6,1
balcony_d_6_2,balcony,0.813126,7.399237,16.499999999999996,6,1
balcony_d_6_1,balcony,1.8642119999999989,10.2771985,16.5,6,1
balcony_d_7_5,balcony,4.349142999999997,0.4996309999999997,19.499999999999996,12,1
balcony_d_7_4,balcony,1.4379274999999985,0.49963099999999977,19.499999999999996,11,2
balcony_d_1_5,balcony,4.349142999999997,0.4996309999999997,1.4999999999999996,12,1
balcony_d_1_4,balcony,1.4379274999999987,0.4996309999999997,1.4999999999999998,11,2
balcony_d_2_5,balcony,4.349142999999997,0.4996309999999997,4.499999999999999,12,1
balcony_d_2_4,balcony,1.4379274999999985,0.4996309999999997,4.5,11,2
balcony_d_3_5,balcony,4.349142999999997,0.4996309999999997,7.499999999999998,12,1
balcony_d_3_4,balcony,1.4379274999999985,0.4996309999999997,7.499999999999999,11,2
balcony_d_4_5,balcony,4.349142999999997,0.4996309999999997,10.499999999999998,12,1
balcony_d_4_4,balcony,1.4379274999999985,0.4996309999999997,10.5,11,2
balcony_d_5_5,balcony,4.349142999999997,0.4996309999999997,13.499999999999998,12,1
balcony_d_5_4,balcony,1.4379274999999985,0.4996309999999997,13.499999999999998,11,2
balcony_d_6_5,balcony,4.349142999999997,0.4996309999999997,16.499999999999996,8,1
balcony_d_6_4,balcony,1.4379274999999985,0.4996309999999997,16.499999999999996,7,2
