graph_id,src_id,dst_id,feat_connectivity_0,feat_connectivity_1,feat_connectivity_2
0,0,492,0,1,0
0,492,0,0,1,0
0,1,605,0,1,0
0,605,1,0,1,0
0,2,1059,0,1,0
0,1059,2,0,1,0
0,3,175,0,1,0
0,175,3,0,1,0
0,229,4,0,0,1
0,4,229,0,0,1
0,1021,4,0,0,1
0,4,1021,0,0,1
0,291,5,0,1,0
0,5,291,0,1,0
0,961,5,0,1,0
0,5,961,0,1,0
0,1012,6,0,1,0
0,6,1012,0,1,0
0,961,6,0,1,0
0,6,961,0,1,0
0,267,7,0,1,0
0,7,267,0,1,0
0,1024,7,0,1,0
0,7,1024,0,1,0
0,148,8,0,1,0
0,8,148,0,1,0
0,1025,8,0,1,0
0,8,1025,0,1,0
0,1088,9,0,1,0
0,9,1088,0,1,0
0,296,9,0,1,0
0,9,296,0,1,0
0,143,10,0,1,0
0,10,143,0,1,0
0,131,10,0,1,0
0,10,131,0,1,0
0,294,11,0,1,0
0,11,294,0,1,0
0,1088,11,0,1,0
0,11,1088,0,1,0
0,143,12,0,1,0
0,12,143,0,1,0
0,1124,12,0,1,0
0,12,1124,0,1,0
0,143,13,0,1,0
0,13,143,0,1,0
0,1089,13,0,1,0
0,13,1089,0,1,0
0,270,14,0,1,0
0,14,270,0,1,0
0,1025,14,0,1,0
0,14,1025,0,1,0
0,1088,15,0,1,0
0,15,1088,0,1,0
0,1024,15,0,1,0
0,15,1024,0,1,0
0,298,16,0,0,1
0,16,298,0,0,1
0,263,16,0,0,1
0,16,263,0,0,1
0,131,17,0,0,1
0,17,131,0,0,1
0,263,17,0,0,1
0,17,263,0,0,1
0,964,18,0,1,0
0,18,964,0,1,0
0,1088,18,0,1,0
0,18,1088,0,1,0
0,295,19,0,1,0
0,19,295,0,1,0
0,1088,19,0,1,0
0,19,1088,0,1,0
0,136,20,0,1,0
0,20,136,0,1,0
0,218,20,0,1,0
0,20,218,0,1,0
0,957,21,0,1,0
0,21,957,0,1,0
0,624,21,0,1,0
0,21,624,0,1,0
0,957,22,0,1,0
0,22,957,0,1,0
0,978,22,0,1,0
0,22,978,0,1,0
0,218,23,0,1,0
0,23,218,0,1,0
0,221,23,0,1,0
0,23,221,0,1,0
0,107,24,0,1,0
0,24,107,0,1,0
0,572,24,0,1,0
0,24,572,0,1,0
0,218,25,0,1,0
0,25,218,0,1,0
0,623,25,0,1,0
0,25,623,0,1,0
0,550,26,0,1,0
0,26,550,0,1,0
0,218,26,0,1,0
0,26,218,0,1,0
0,218,27,0,1,0
0,27,218,0,1,0
0,574,27,0,1,0
0,27,574,0,1,0
0,966,28,0,1,0
0,28,966,0,1,0
0,624,28,0,1,0
0,28,624,0,1,0
0,1091,29,0,1,0
0,29,1091,0,1,0
0,624,29,0,1,0
0,29,624,0,1,0
0,30,153,0,0,1
0,153,30,0,0,1
0,30,512,0,0,1
0,512,30,0,0,1
0,30,154,0,0,1
0,154,30,0,0,1
0,30,493,0,0,1
0,493,30,0,0,1
0,30,506,1,0,0
0,506,30,1,0,0
0,30,517,1,0,0
0,517,30,1,0,0
0,31,604,0,1,0
0,604,31,0,1,0
0,32,611,0,1,0
0,611,32,0,1,0
0,32,621,0,1,0
0,621,32,0,1,0
0,32,622,0,1,0
0,622,32,0,1,0
0,32,609,0,1,0
0,609,32,0,1,0
0,32,605,0,1,0
0,605,32,0,1,0
0,32,606,0,0,1
0,606,32,0,0,1
0,32,618,0,1,0
0,618,32,0,1,0
0,33,1065,0,1,0
0,1065,33,0,1,0
0,33,1055,0,1,0
0,1055,33,0,1,0
0,33,1054,0,1,0
0,1054,33,0,1,0
0,34,1059,0,1,0
0,1059,34,0,1,0
0,34,620,0,1,0
0,620,34,0,1,0
0,35,1162,0,1,0
0,1162,35,0,1,0
0,35,1147,0,1,0
0,1147,35,0,1,0
0,36,908,0,1,0
0,908,36,0,1,0
0,37,516,0,1,0
0,516,37,0,1,0
0,38,1062,1,0,0
0,1062,38,1,0,0
0,38,1066,1,0,0
0,1066,38,1,0,0
0,38,1063,1,0,0
0,1063,38,1,0,0
0,38,1070,1,0,0
0,1070,38,1,0,0
0,38,1068,1,0,0
0,1068,38,1,0,0
0,38,1052,1,0,0
0,1052,38,1,0,0
0,38,1058,1,0,0
0,1058,38,1,0,0
0,38,1067,1,0,0
0,1067,38,1,0,0
0,38,1071,1,0,0
0,1071,38,1,0,0
0,38,494,1,0,0
0,494,38,1,0,0
0,38,506,1,0,0
0,506,38,1,0,0
0,38,1061,1,0,0
0,1061,38,1,0,0
0,38,1072,1,0,0
0,1072,38,1,0,0
0,38,517,1,0,0
0,517,38,1,0,0
0,38,1053,1,0,0
0,1053,38,1,0,0
0,38,500,1,0,0
0,500,38,1,0,0
0,38,1056,1,0,0
0,1056,38,1,0,0
0,38,1241,1,0,0
0,1241,38,1,0,0
0,40,165,0,1,0
0,165,40,0,1,0
0,40,175,0,1,0
0,175,40,0,1,0
0,40,584,0,0,1
0,584,40,0,0,1
0,40,182,0,1,0
0,182,40,0,1,0
0,40,447,0,1,0
0,447,40,0,1,0
0,40,176,0,1,0
0,176,40,0,1,0
0,40,183,0,1,0
0,183,40,0,1,0
0,41,200,0,1,0
0,200,41,0,1,0
0,42,1029,0,1,0
0,1029,42,0,1,0
0,42,1030,0,1,0
0,1030,42,0,1,0
0,42,598,0,0,1
0,598,42,0,0,1
0,42,1046,0,1,0
0,1046,42,0,1,0
0,43,1095,0,1,0
0,1095,43,0,1,0
0,44,688,0,1,0
0,688,44,0,1,0
0,44,1174,0,1,0
0,1174,44,0,1,0
0,44,1033,0,1,0
0,1033,44,0,1,0
0,44,686,0,1,0
0,686,44,0,1,0
0,44,580,0,0,1
0,580,44,0,0,1
0,44,689,0,1,0
0,689,44,0,1,0
0,44,687,0,1,0
0,687,44,0,1,0
0,45,1189,0,1,0
0,1189,45,0,1,0
0,46,199,0,1,0
0,199,46,0,1,0
0,47,1179,0,1,0
0,1179,47,0,1,0
0,47,1180,0,1,0
0,1180,47,0,1,0
0,47,1097,0,1,0
0,1097,47,0,1,0
0,48,1172,0,1,0
0,1172,48,0,1,0
0,48,1161,0,1,0
0,1161,48,0,1,0
0,49,1167,0,1,0
0,1167,49,0,1,0
0,50,692,0,1,0
0,692,50,0,1,0
0,51,197,0,1,0
0,197,51,0,1,0
0,52,1137,0,1,0
0,1137,52,0,1,0
0,52,1135,0,1,0
0,1135,52,0,1,0
0,52,1132,0,1,0
0,1132,52,0,1,0
0,52,795,0,0,1
0,795,52,0,0,1
0,53,882,0,1,0
0,882,53,0,1,0
0,53,861,0,1,0
0,861,53,0,1,0
0,54,860,0,1,0
0,860,54,0,1,0
0,54,885,0,1,0
0,885,54,0,1,0
0,55,779,0,1,0
0,779,55,0,1,0
0,56,1131,0,1,0
0,1131,56,0,1,0
0,57,854,0,1,0
0,854,57,0,1,0
0,58,1137,0,1,0
0,1137,58,0,1,0
0,59,864,0,1,0
0,864,59,0,1,0
0,59,1134,0,1,0
0,1134,59,0,1,0
0,60,203,0,1,0
0,203,60,0,1,0
0,61,704,0,1,0
0,704,61,0,1,0
0,61,771,0,1,0
0,771,61,0,1,0
0,62,724,0,1,0
0,724,62,0,1,0
0,62,802,0,1,0
0,802,62,0,1,0
0,63,914,0,1,0
0,914,63,0,1,0
0,64,733,0,1,0
0,733,64,0,1,0
0,65,833,0,1,0
0,833,65,0,1,0
0,66,714,0,1,0
0,714,66,0,1,0
0,66,699,0,1,0
0,699,66,0,1,0
0,66,713,0,1,0
0,713,66,0,1,0
0,67,1110,0,1,0
0,1110,67,0,1,0
0,68,786,0,1,0
0,786,68,0,1,0
0,69,865,0,1,0
0,865,69,0,1,0
0,69,813,0,1,0
0,813,69,0,1,0
0,69,867,0,1,0
0,867,69,0,1,0
0,69,866,0,1,0
0,866,69,0,1,0
0,69,1136,0,1,0
0,1136,69,0,1,0
0,69,803,0,0,1
0,803,69,0,0,1
0,69,1134,0,1,0
0,1134,69,0,1,0
0,70,1033,0,1,0
0,1033,70,0,1,0
0,71,659,0,1,0
0,659,71,0,1,0
0,72,669,0,1,0
0,669,72,0,1,0
0,72,675,0,1,0
0,675,72,0,1,0
0,72,671,0,1,0
0,671,72,0,1,0
0,73,1032,0,1,0
0,1032,73,0,1,0
0,74,671,0,1,0
0,671,74,0,1,0
0,75,941,0,1,0
0,941,75,0,1,0
0,76,947,0,1,0
0,947,76,0,1,0
0,76,945,0,1,0
0,945,76,0,1,0
0,76,647,0,1,0
0,647,76,0,1,0
0,76,646,0,1,0
0,646,76,0,1,0
0,76,653,0,1,0
0,653,76,0,1,0
0,76,949,0,0,1
0,949,76,0,0,1
0,76,656,0,1,0
0,656,76,0,1,0
0,77,654,0,1,0
0,654,77,0,1,0
0,78,737,0,1,0
0,737,78,0,1,0
0,79,732,0,1,0
0,732,79,0,1,0
0,80,763,0,1,0
0,763,80,0,1,0
0,81,718,1,0,0
0,718,81,1,0,0
0,81,759,0,0,1
0,759,81,0,0,1
0,81,721,1,0,0
0,721,81,1,0,0
0,81,773,0,0,1
0,773,81,0,0,1
0,81,949,0,0,1
0,949,81,0,0,1
0,81,770,0,0,1
0,770,81,0,0,1
0,82,798,0,1,0
0,798,82,0,1,0
0,82,805,0,1,0
0,805,82,0,1,0
0,83,800,0,1,0
0,800,83,0,1,0
0,83,808,0,1,0
0,808,83,0,1,0
0,84,821,0,1,0
0,821,84,0,1,0
0,84,829,0,1,0
0,829,84,0,1,0
0,84,819,0,1,0
0,819,84,0,1,0
0,86,806,0,1,0
0,806,86,0,1,0
0,87,788,0,1,0
0,788,87,0,1,0
0,87,870,0,1,0
0,870,87,0,1,0
0,87,877,0,1,0
0,877,87,0,1,0
0,88,836,0,1,0
0,836,88,0,1,0
0,88,844,0,1,0
0,844,88,0,1,0
0,88,840,0,1,0
0,840,88,0,1,0
0,89,810,0,1,0
0,810,89,0,1,0
0,89,885,0,1,0
0,885,89,0,1,0
0,89,891,0,1,0
0,891,89,0,1,0
0,89,792,0,0,1
0,792,89,0,0,1
0,89,700,0,1,0
0,700,89,0,1,0
0,89,890,0,1,0
0,890,89,0,1,0
0,89,887,0,1,0
0,887,89,0,1,0
0,90,841,0,1,0
0,841,90,0,1,0
0,91,821,0,1,0
0,821,91,0,1,0
0,92,879,0,1,0
0,879,92,0,1,0
0,93,836,0,1,0
0,836,93,0,1,0
0,94,819,0,1,0
0,819,94,0,1,0
0,95,808,0,1,0
0,808,95,0,1,0
0,96,1106,0,1,0
0,1106,96,0,1,0
0,97,823,0,1,0
0,823,97,0,1,0
0,98,698,0,1,0
0,698,98,0,1,0
0,98,714,0,1,0
0,714,98,0,1,0
0,98,801,0,0,1
0,801,98,0,0,1
0,98,697,0,1,0
0,697,98,0,1,0
0,99,878,0,1,0
0,878,99,0,1,0
0,100,867,0,1,0
0,867,100,0,1,0
0,101,947,0,1,0
0,947,101,0,1,0
0,101,780,0,1,0
0,780,101,0,1,0
0,102,939,0,0,1
0,939,102,0,0,1
0,102,709,0,1,0
0,709,102,0,1,0
0,102,693,0,1,0
0,693,102,0,1,0
0,102,694,0,1,0
0,694,102,0,1,0
0,103,865,0,1,0
0,865,103,0,1,0
0,105,937,0,1,0
0,937,105,0,1,0
0,105,770,0,0,1
0,770,105,0,0,1
0,105,756,0,1,0
0,756,105,0,1,0
0,105,781,0,1,0
0,781,105,0,1,0
0,106,948,0,1,0
0,948,106,0,1,0
0,107,783,0,1,0
0,783,107,0,1,0
0,107,1133,0,1,0
0,1133,107,0,1,0
0,108,824,0,1,0
0,824,108,0,1,0
0,109,857,0,1,0
0,857,109,0,1,0
0,110,855,0,1,0
0,855,110,0,1,0
0,111,630,0,1,0
0,630,111,0,1,0
0,112,680,0,1,0
0,680,112,0,1,0
0,112,685,0,1,0
0,685,112,0,1,0
0,113,179,0,1,0
0,179,113,0,1,0
0,114,665,0,1,0
0,665,114,0,1,0
0,114,661,0,1,0
0,661,114,0,1,0
0,114,670,0,1,0
0,670,114,0,1,0
0,115,156,0,1,0
0,156,115,0,1,0
0,116,171,0,1,0
0,171,116,0,1,0
0,117,636,0,1,0
0,636,117,0,1,0
0,118,730,0,1,0
0,730,118,0,1,0
0,119,935,0,1,0
0,935,119,0,1,0
0,119,953,0,1,0
0,953,119,0,1,0
0,120,938,0,1,0
0,938,120,0,1,0
0,120,944,0,1,0
0,944,120,0,1,0
0,122,1177,0,1,0
0,1177,122,0,1,0
0,124,634,0,1,0
0,634,124,0,1,0
0,124,687,0,1,0
0,687,124,0,1,0
0,125,793,0,1,0
0,793,125,0,1,0
0,126,751,0,1,0
0,751,126,0,1,0
0,127,944,0,1,0
0,944,127,0,1,0
0,128,921,0,1,0
0,921,128,0,1,0
0,128,734,0,1,0
0,734,128,0,1,0
0,128,745,0,0,1
0,745,128,0,0,1
0,128,916,0,1,0
0,916,128,0,1,0
0,128,925,0,1,0
0,925,128,0,1,0
0,128,744,0,1,0
0,744,128,0,1,0
0,128,918,0,1,0
0,918,128,0,1,0
0,131,194,0,1,0
0,194,131,0,1,0
0,131,189,0,1,0
0,189,131,0,1,0
0,132,194,0,1,0
0,194,132,0,1,0
0,133,1165,0,1,0
0,1165,133,0,1,0
0,133,1164,0,1,0
0,1164,133,0,1,0
0,133,1162,0,1,0
0,1162,133,0,1,0
0,133,1167,0,1,0
0,1167,133,0,1,0
0,133,596,0,0,1
0,596,133,0,0,1
0,133,1168,0,1,0
0,1168,133,0,1,0
0,133,1169,0,1,0
0,1169,133,0,1,0
0,134,1160,0,1,0
0,1160,134,0,1,0
0,135,866,0,1,0
0,866,135,0,1,0
0,136,859,0,1,0
0,859,136,0,1,0
0,137,860,0,1,0
0,860,137,0,1,0
0,138,880,0,1,0
0,880,138,0,1,0
0,139,953,0,1,0
0,953,139,0,1,0
0,140,794,0,1,0
0,794,140,0,1,0
0,141,708,0,1,0
0,708,141,0,1,0
0,142,784,0,1,0
0,784,142,0,1,0
0,142,813,0,1,0
0,813,142,0,1,0
0,144,505,0,1,0
0,505,144,0,1,0
0,145,507,0,1,0
0,507,145,0,1,0
0,146,485,0,1,0
0,485,146,0,1,0
0,147,677,0,1,0
0,677,147,0,1,0
0,148,172,0,1,0
0,172,148,0,1,0
0,149,188,0,1,0
0,188,149,0,1,0
0,149,210,0,1,0
0,210,149,0,1,0
0,149,211,0,1,0
0,211,149,0,1,0
0,150,168,0,1,0
0,168,150,0,1,0
0,151,859,0,1,0
0,859,151,0,1,0
0,152,828,0,1,0
0,828,152,0,1,0
0,1025,153,0,0,1
0,153,1025,0,0,1
0,1088,154,0,0,1
0,154,1088,0,0,1
0,155,698,0,1,0
0,698,155,0,1,0
0,223,156,0,1,0
0,156,223,0,1,0
0,970,157,0,1,0
0,157,970,0,1,0
0,340,157,0,1,0
0,157,340,0,1,0
0,1111,158,0,1,0
0,158,1111,0,1,0
0,335,158,0,1,0
0,158,335,0,1,0
0,344,159,0,1,0
0,159,344,0,1,0
0,223,159,0,1,0
0,159,223,0,1,0
0,223,160,0,1,0
0,160,223,0,1,0
0,1114,160,0,1,0
0,160,1114,0,1,0
0,295,161,0,1,0
0,161,295,0,1,0
0,1206,161,0,1,0
0,161,1206,0,1,0
0,970,162,0,1,0
0,162,970,0,1,0
0,339,162,0,1,0
0,162,339,0,1,0
0,996,163,0,1,0
0,163,996,0,1,0
0,1090,163,0,1,0
0,163,1090,0,1,0
0,300,164,0,1,0
0,164,300,0,1,0
0,302,164,0,1,0
0,164,302,0,1,0
0,338,165,0,1,0
0,165,338,0,1,0
0,1207,166,0,1,0
0,166,1207,0,1,0
0,302,166,0,1,0
0,166,302,0,1,0
0,302,167,0,1,0
0,167,302,0,1,0
0,368,167,0,1,0
0,167,368,0,1,0
0,1111,168,0,1,0
0,168,1111,0,1,0
0,333,169,0,1,0
0,169,333,0,1,0
0,1090,169,0,1,0
0,169,1090,0,1,0
0,970,170,0,1,0
0,170,970,0,1,0
0,1122,170,0,1,0
0,170,1122,0,1,0
0,298,171,0,1,0
0,171,298,0,1,0
0,1113,172,0,1,0
0,172,1113,0,1,0
0,1111,173,0,1,0
0,173,1111,0,1,0
0,1019,173,0,1,0
0,173,1019,0,1,0
0,970,174,0,1,0
0,174,970,0,1,0
0,299,174,0,1,0
0,174,299,0,1,0
0,341,176,0,1,0
0,176,341,0,1,0
0,1111,177,0,1,0
0,177,1111,0,1,0
0,336,177,0,1,0
0,177,336,0,1,0
0,337,178,0,1,0
0,178,337,0,1,0
0,1090,178,0,1,0
0,178,1090,0,1,0
0,1090,179,0,1,0
0,179,1090,0,1,0
0,1118,180,0,1,0
0,180,1118,0,1,0
0,1090,180,0,1,0
0,180,1090,0,1,0
0,298,181,0,1,0
0,181,298,0,1,0
0,363,181,0,1,0
0,181,363,0,1,0
0,893,182,0,1,0
0,182,893,0,1,0
0,345,183,0,1,0
0,183,345,0,1,0
0,970,184,0,1,0
0,184,970,0,1,0
0,342,184,0,1,0
0,184,342,0,1,0
0,1111,185,0,1,0
0,185,1111,0,1,0
0,332,185,0,1,0
0,185,332,0,1,0
0,223,186,0,1,0
0,186,223,0,1,0
0,963,186,0,1,0
0,186,963,0,1,0
0,346,187,0,1,0
0,187,346,0,1,0
0,223,187,0,1,0
0,187,223,0,1,0
0,319,188,0,1,0
0,188,319,0,1,0
0,328,189,0,1,0
0,189,328,0,1,0
0,897,190,0,1,0
0,190,897,0,1,0
0,289,190,0,1,0
0,190,289,0,1,0
0,1011,191,0,0,1
0,191,1011,0,0,1
0,223,191,0,0,1
0,191,223,0,0,1
0,1013,192,0,1,0
0,192,1013,0,1,0
0,1014,192,0,1,0
0,192,1014,0,1,0
0,958,193,0,1,0
0,193,958,0,1,0
0,1020,193,0,1,0
0,193,1020,0,1,0
0,1230,195,0,1,0
0,195,1230,0,1,0
0,298,195,0,1,0
0,195,298,0,1,0
0,325,196,0,1,0
0,196,325,0,1,0
0,298,196,0,1,0
0,196,298,0,1,0
0,298,197,0,1,0
0,197,298,0,1,0
0,895,198,0,1,0
0,198,895,0,1,0
0,958,198,0,1,0
0,198,958,0,1,0
0,289,199,0,1,0
0,199,289,0,1,0
0,289,200,0,1,0
0,200,289,0,1,0
0,1121,201,0,1,0
0,201,1121,0,1,0
0,289,201,0,1,0
0,201,289,0,1,0
0,290,202,0,1,0
0,202,290,0,1,0
0,292,202,0,1,0
0,202,292,0,1,0
0,1121,203,0,1,0
0,203,1121,0,1,0
0,1233,204,0,1,0
0,204,1233,0,1,0
0,1204,204,0,1,0
0,204,1204,0,1,0
0,293,205,0,1,0
0,205,293,0,1,0
0,224,205,0,1,0
0,205,224,0,1,0
0,323,206,0,1,0
0,206,323,0,1,0
0,289,206,0,1,0
0,206,289,0,1,0
0,292,207,0,1,0
0,207,292,0,1,0
0,227,207,0,1,0
0,207,227,0,1,0
0,289,208,0,1,0
0,208,289,0,1,0
0,301,208,0,1,0
0,208,301,0,1,0
0,290,209,0,1,0
0,209,290,0,1,0
0,958,209,0,1,0
0,209,958,0,1,0
0,1115,210,0,1,0
0,210,1115,0,1,0
0,1000,211,0,1,0
0,211,1000,0,1,0
0,212,750,0,1,0
0,750,212,0,1,0
0,212,753,0,1,0
0,753,212,0,1,0
0,212,754,0,1,0
0,754,212,0,1,0
0,213,778,0,1,0
0,778,213,0,1,0
0,213,709,0,1,0
0,709,213,0,1,0
0,213,712,0,1,0
0,712,213,0,1,0
0,214,736,0,1,0
0,736,214,0,1,0
0,214,644,0,1,0
0,644,214,0,1,0
0,214,907,0,1,0
0,907,214,0,1,0
0,214,655,0,1,0
0,655,214,0,1,0
0,214,920,0,1,0
0,920,214,0,1,0
0,214,724,0,1,0
0,724,214,0,1,0
0,214,729,0,0,1
0,729,214,0,0,1
0,215,884,0,1,0
0,884,215,0,1,0
0,215,881,0,1,0
0,881,215,0,1,0
0,215,886,0,1,0
0,886,215,0,1,0
0,216,869,0,1,0
0,869,216,0,1,0
0,217,695,0,1,0
0,695,217,0,1,0
0,218,835,0,1,0
0,835,218,0,1,0
0,218,799,0,0,1
0,799,218,0,0,1
0,219,831,0,1,0
0,831,219,0,1,0
0,220,838,0,1,0
0,838,220,0,1,0
0,222,1028,0,1,0
0,1028,222,0,1,0
0,223,617,0,1,0
0,617,223,0,1,0
0,224,609,0,1,0
0,609,224,0,1,0
0,225,663,0,1,0
0,663,225,0,1,0
0,226,1178,0,1,0
0,1178,226,0,1,0
0,226,1150,0,1,0
0,1150,226,0,1,0
0,228,907,0,1,0
0,907,228,0,1,0
0,229,1070,1,0,0
0,1070,229,1,0,0
0,229,599,0,0,1
0,599,229,0,0,1
0,229,1067,1,0,0
0,1067,229,1,0,0
0,229,593,0,0,1
0,593,229,0,0,1
0,229,590,0,0,1
0,590,229,0,0,1
0,230,658,0,1,0
0,658,230,0,1,0
0,230,940,0,1,0
0,940,230,0,1,0
0,230,942,0,0,1
0,942,230,0,0,1
0,230,650,0,1,0
0,650,230,0,1,0
0,230,943,0,1,0
0,943,230,0,1,0
0,230,645,0,1,0
0,645,230,0,1,0
0,230,649,0,1,0
0,649,230,0,1,0
0,231,706,0,1,0
0,706,231,0,1,0
0,232,733,0,1,0
0,733,232,0,1,0
0,232,742,0,1,0
0,742,232,0,1,0
0,234,718,1,0,0
0,718,234,1,0,0
0,234,720,1,0,0
0,720,234,1,0,0
0,234,723,1,0,0
0,723,234,1,0,0
0,234,716,1,0,0
0,716,234,1,0,0
0,234,731,1,0,0
0,731,234,1,0,0
0,234,740,1,0,0
0,740,234,1,0,0
0,234,717,1,0,0
0,717,234,1,0,0
0,234,719,1,0,0
0,719,234,1,0,0
0,234,919,1,0,0
0,919,234,1,0,0
0,234,721,1,0,0
0,721,234,1,0,0
0,234,933,1,0,0
0,933,234,1,0,0
0,234,739,1,0,0
0,739,234,1,0,0
0,234,715,1,0,0
0,715,234,1,0,0
0,234,722,1,0,0
0,722,234,1,0,0
0,234,741,1,0,0
0,741,234,1,0,0
0,234,950,1,0,0
0,950,234,1,0,0
0,234,946,1,0,0
0,946,234,1,0,0
0,234,738,1,0,0
0,738,234,1,0,0
0,235,683,0,1,0
0,683,235,0,1,0
0,235,1190,0,1,0
0,1190,235,0,1,0
0,236,1168,0,1,0
0,1168,236,0,1,0
0,237,1176,0,1,0
0,1176,237,0,1,0
0,237,641,0,1,0
0,641,237,0,1,0
0,238,1169,0,1,0
0,1169,238,0,1,0
0,239,1188,0,1,0
0,1188,239,0,1,0
0,240,1031,0,1,0
0,1031,240,0,1,0
0,241,1048,0,1,0
0,1048,241,0,1,0
0,241,1050,0,1,0
0,1050,241,0,1,0
0,242,1179,0,1,0
0,1179,242,0,1,0
0,243,1046,0,1,0
0,1046,243,0,1,0
0,244,667,0,1,0
0,667,244,0,1,0
0,245,1043,0,1,0
0,1043,245,0,1,0
0,246,662,0,1,0
0,662,246,0,1,0
0,247,1040,0,1,0
0,1040,247,0,1,0
0,248,483,0,1,0
0,483,248,0,1,0
0,248,485,0,1,0
0,485,248,0,1,0
0,248,489,0,1,0
0,489,248,0,1,0
0,249,457,0,1,0
0,457,249,0,1,0
0,249,471,0,0,1
0,471,249,0,0,1
0,249,454,0,1,0
0,454,249,0,1,0
0,249,470,0,1,0
0,470,249,0,1,0
0,250,476,0,1,0
0,476,250,0,1,0
0,251,479,0,1,0
0,479,251,0,1,0
0,252,482,0,1,0
0,482,252,0,1,0
0,252,480,0,1,0
0,480,252,0,1,0
0,252,487,0,1,0
0,487,252,0,1,0
0,252,499,0,1,0
0,499,252,0,1,0
0,252,497,0,0,1
0,497,252,0,0,1
0,252,481,0,1,0
0,481,252,0,1,0
0,252,490,0,1,0
0,490,252,0,1,0
0,253,501,0,1,0
0,501,253,0,1,0
0,253,516,0,1,0
0,516,253,0,1,0
0,254,508,0,1,0
0,508,254,0,1,0
0,255,502,0,1,0
0,502,255,0,1,0
0,255,508,0,1,0
0,508,255,0,1,0
0,256,481,0,1,0
0,481,256,0,1,0
0,257,512,0,0,1
0,512,257,0,0,1
0,257,502,0,1,0
0,502,257,0,1,0
0,257,520,0,1,0
0,520,257,0,1,0
0,257,521,0,1,0
0,521,257,0,1,0
0,257,513,0,1,0
0,513,257,0,1,0
0,257,510,0,1,0
0,510,257,0,1,0
0,257,514,0,1,0
0,514,257,0,1,0
0,258,490,0,1,0
0,490,258,0,1,0
0,259,509,0,1,0
0,509,259,0,1,0
0,259,505,0,1,0
0,505,259,0,1,0
0,259,504,0,1,0
0,504,259,0,1,0
0,260,1064,0,1,0
0,1064,260,0,1,0
0,261,495,0,0,1
0,495,261,0,0,1
0,261,1057,0,1,0
0,1057,261,0,1,0
0,261,496,0,1,0
0,496,261,0,1,0
0,261,1064,0,1,0
0,1064,261,0,1,0
0,262,482,0,1,0
0,482,262,0,1,0
0,263,515,0,0,1
0,515,263,0,0,1
0,263,606,0,0,1
0,606,263,0,0,1
0,263,1061,1,0,0
0,1061,263,1,0,0
0,263,1056,1,0,0
0,1056,263,1,0,0
0,264,619,0,1,0
0,619,264,0,1,0
0,265,521,0,1,0
0,521,265,0,1,0
0,265,604,0,1,0
0,604,265,0,1,0
0,266,509,0,1,0
0,509,266,0,1,0
0,268,1055,0,1,0
0,1055,268,0,1,0
0,272,1057,0,1,0
0,1057,272,0,1,0
0,272,518,0,1,0
0,518,272,0,1,0
0,273,443,0,1,0
0,443,273,0,1,0
0,273,447,0,1,0
0,447,273,0,1,0
0,274,444,0,1,0
0,444,274,0,1,0
0,274,446,0,1,0
0,446,274,0,1,0
0,275,445,0,1,0
0,445,275,0,1,0
0,275,449,0,1,0
0,449,275,0,1,0
0,276,450,0,1,0
0,450,276,0,1,0
0,276,519,0,1,0
0,519,276,0,1,0
0,277,449,0,1,0
0,449,277,0,1,0
0,278,617,0,1,0
0,617,278,0,1,0
0,278,448,0,1,0
0,448,278,0,1,0
0,279,444,0,1,0
0,444,279,0,1,0
0,282,443,0,1,0
0,443,282,0,1,0
0,283,1066,1,0,0
0,1066,283,1,0,0
0,283,600,0,0,1
0,600,283,0,0,1
0,283,588,0,0,1
0,588,283,0,0,1
0,283,1058,1,0,0
0,1058,283,1,0,0
0,283,581,0,0,1
0,581,283,0,0,1
0,283,587,0,0,1
0,587,283,0,0,1
0,284,608,0,1,0
0,608,284,0,1,0
0,285,584,0,0,1
0,584,285,0,0,1
0,285,1071,1,0,0
0,1071,285,1,0,0
0,285,597,0,0,1
0,597,285,0,0,1
0,285,580,0,0,1
0,580,285,0,0,1
0,285,1072,1,0,0
0,1072,285,1,0,0
0,285,598,0,0,1
0,598,285,0,0,1
0,286,367,0,1,0
0,367,286,0,1,0
0,287,594,0,0,1
0,594,287,0,0,1
0,287,595,0,0,1
0,595,287,0,0,1
0,287,1068,1,0,0
0,1068,287,1,0,0
0,287,601,0,0,1
0,601,287,0,0,1
0,287,1053,1,0,0
0,1053,287,1,0,0
0,287,583,0,0,1
0,583,287,0,0,1
0,288,613,0,1,0
0,613,288,0,1,0
0,289,590,0,0,1
0,590,289,0,0,1
0,290,619,0,1,0
0,619,290,0,1,0
0,290,586,0,0,1
0,586,290,0,0,1
0,297,511,0,1,0
0,511,297,0,1,0
0,298,602,0,1,0
0,602,298,0,1,0
0,301,1146,0,1,0
0,1146,301,0,1,0
0,302,1151,0,1,0
0,1151,302,0,1,0
0,302,1159,0,1,0
0,1159,302,0,1,0
0,302,593,0,0,1
0,593,302,0,0,1
0,302,612,0,1,0
0,612,302,0,1,0
0,303,1172,0,1,0
0,1172,303,0,1,0
0,304,1144,0,1,0
0,1144,304,0,1,0
0,305,1146,0,1,0
0,1146,305,0,1,0
0,306,1147,0,1,0
0,1147,306,0,1,0
0,307,1153,0,1,0
0,1153,307,0,1,0
0,308,1176,0,1,0
0,1176,308,0,1,0
0,308,1156,0,1,0
0,1156,308,0,1,0
0,308,591,0,0,1
0,591,308,0,0,1
0,308,1170,0,1,0
0,1170,308,0,1,0
0,309,1166,0,1,0
0,1166,309,0,1,0
0,310,1180,0,1,0
0,1180,310,0,1,0
0,310,1183,0,1,0
0,1183,310,0,1,0
0,310,1187,0,1,0
0,1187,310,0,1,0
0,310,581,0,0,1
0,581,310,0,0,1
0,311,673,0,1,0
0,673,311,0,1,0
0,311,676,0,1,0
0,676,311,0,1,0
0,311,674,0,1,0
0,674,311,0,1,0
0,311,601,0,0,1
0,601,311,0,0,1
0,311,1173,0,1,0
0,1173,311,0,1,0
0,311,668,0,1,0
0,668,311,0,1,0
0,311,662,0,1,0
0,662,311,0,1,0
0,312,1097,0,1,0
0,1097,312,0,1,0
0,313,1145,0,1,0
0,1145,313,0,1,0
0,314,672,0,1,0
0,672,314,0,1,0
0,314,1030,0,1,0
0,1030,314,0,1,0
0,314,1043,0,1,0
0,1043,314,0,1,0
0,315,675,0,1,0
0,675,315,0,1,0
0,316,1028,0,1,0
0,1028,316,0,1,0
0,316,1044,0,1,0
0,1044,316,0,1,0
0,316,1037,0,1,0
0,1037,316,0,1,0
0,317,665,0,1,0
0,665,317,0,1,0
0,318,672,0,1,0
0,672,318,0,1,0
0,320,1035,0,1,0
0,1035,320,0,1,0
0,321,690,0,1,0
0,690,321,0,1,0
0,322,691,0,1,0
0,691,322,0,1,0
0,324,364,0,0,1
0,364,324,0,0,1
0,324,1037,0,1,0
0,1037,324,0,1,0
0,324,1042,0,1,0
0,1042,324,0,1,0
0,324,1045,0,1,0
0,1045,324,0,1,0
0,325,703,0,1,0
0,703,325,0,1,0
0,326,707,0,1,0
0,707,326,0,1,0
0,327,1191,0,1,0
0,1191,327,0,1,0
0,328,707,0,1,0
0,707,328,0,1,0
0,329,1186,0,1,0
0,1186,329,0,1,0
0,329,705,0,1,0
0,705,329,0,1,0
0,330,1157,0,1,0
0,1157,330,0,1,0
0,331,1182,0,1,0
0,1182,331,0,1,0
0,334,1096,0,1,0
0,1096,334,0,1,0
0,334,1177,0,1,0
0,1177,334,0,1,0
0,337,1184,0,1,0
0,1184,337,0,1,0
0,339,930,0,1,0
0,930,339,0,1,0
0,343,1029,0,1,0
0,1029,343,0,1,0
0,343,926,0,1,0
0,926,343,0,1,0
0,344,934,0,1,0
0,934,344,0,1,0
0,347,1159,0,1,0
0,1159,347,0,1,0
0,348,1042,0,1,0
0,1042,348,0,1,0
0,348,910,0,1,0
0,910,348,0,1,0
0,349,1151,0,1,0
0,1151,349,0,1,0
0,350,488,0,1,0
0,488,350,0,1,0
0,351,498,0,1,0
0,498,351,0,1,0
0,352,454,0,1,0
0,454,352,0,1,0
0,352,455,0,1,0
0,455,352,0,1,0
0,353,611,0,1,0
0,611,353,0,1,0
0,354,582,0,1,0
0,582,354,0,1,0
0,355,613,0,1,0
0,613,355,0,1,0
0,355,616,0,1,0
0,616,355,0,1,0
0,355,367,0,1,0
0,367,355,0,1,0
0,355,484,0,0,1
0,484,355,0,0,1
0,355,614,0,1,0
0,614,355,0,1,0
0,355,620,0,1,0
0,620,355,0,1,0
0,355,1239,0,1,0
0,1239,355,0,1,0
0,356,618,0,1,0
0,618,356,0,1,0
0,357,669,0,1,0
0,669,357,0,1,0
0,357,679,0,1,0
0,679,357,0,1,0
0,357,595,0,0,1
0,595,357,0,0,1
0,357,663,0,1,0
0,663,357,0,1,0
0,358,582,0,1,0
0,582,358,0,1,0
0,358,602,0,1,0
0,602,358,0,1,0
0,359,615,0,1,0
0,615,359,0,1,0
0,360,476,0,1,0
0,476,360,0,1,0
0,360,493,0,0,1
0,493,360,0,0,1
0,360,489,0,1,0
0,489,360,0,1,0
0,360,486,0,1,0
0,486,360,0,1,0
0,361,503,0,1,0
0,503,361,0,1,0
0,362,1165,0,1,0
0,1165,362,0,1,0
0,1011,364,0,0,1
0,364,1011,0,0,1
0,365,1175,0,1,0
0,1175,365,0,1,0
0,365,1144,0,1,0
0,1144,365,0,1,0
0,365,1152,0,1,0
0,1152,365,0,1,0
0,366,622,0,1,0
0,622,366,0,1,0
0,369,1185,0,1,0
0,1185,369,0,1,0
0,370,1148,0,1,0
0,1148,370,0,1,0
0,371,1039,0,1,0
0,1039,371,0,1,0
0,371,684,0,1,0
0,684,371,0,1,0
0,372,882,0,1,0
0,882,372,0,1,0
0,372,879,0,1,0
0,879,372,0,1,0
0,372,765,0,0,1
0,765,372,0,0,1
0,372,822,0,1,0
0,822,372,0,1,0
0,372,878,0,1,0
0,878,372,0,1,0
0,372,883,0,1,0
0,883,372,0,1,0
0,372,889,0,1,0
0,889,372,0,1,0
0,373,928,0,1,0
0,928,373,0,1,0
0,374,723,1,0,0
0,723,374,1,0,0
0,374,785,0,0,1
0,785,374,0,0,1
0,374,741,1,0,0
0,741,374,1,0,0
0,374,807,0,0,1
0,807,374,0,0,1
0,374,791,0,0,1
0,791,374,0,0,1
0,374,726,0,0,1
0,726,374,0,0,1
0,375,796,0,1,0
0,796,375,0,1,0
0,375,744,0,1,0
0,744,375,0,1,0
0,376,788,0,1,0
0,788,376,0,1,0
0,376,727,0,1,0
0,727,376,0,1,0
0,376,794,0,1,0
0,794,376,0,1,0
0,376,791,0,0,1
0,791,376,0,0,1
0,379,817,0,1,0
0,817,379,0,1,0
0,379,814,0,1,0
0,814,379,0,1,0
0,380,835,0,1,0
0,835,380,0,1,0
0,380,818,0,1,0
0,818,380,0,1,0
0,384,758,0,1,0
0,758,384,0,1,0
0,385,834,0,1,0
0,834,385,0,1,0
0,385,766,0,1,0
0,766,385,0,1,0
0,386,752,0,1,0
0,752,386,0,1,0
0,387,784,0,1,0
0,784,387,0,1,0
0,389,798,0,1,0
0,798,389,0,1,0
0,390,634,0,1,0
0,634,390,0,1,0
0,391,631,0,1,0
0,631,391,0,1,0
0,392,632,0,1,0
0,632,392,0,1,0
0,393,1051,0,1,0
0,1051,393,0,1,0
0,393,1049,0,1,0
0,1049,393,0,1,0
0,394,1047,0,1,0
0,1047,394,0,1,0
0,395,657,0,1,0
0,657,395,0,1,0
0,396,651,0,1,0
0,651,396,0,1,0
0,396,649,0,1,0
0,649,396,0,1,0
0,397,647,0,1,0
0,647,397,0,1,0
0,398,640,0,1,0
0,640,398,0,1,0
0,398,639,0,1,0
0,639,398,0,1,0
0,399,653,0,1,0
0,653,399,0,1,0
0,400,705,0,1,0
0,705,400,0,1,0
0,401,1158,0,1,0
0,1158,401,0,1,0
0,402,641,0,1,0
0,641,402,0,1,0
0,403,654,0,1,0
0,654,403,0,1,0
0,403,655,0,1,0
0,655,403,0,1,0
0,404,934,0,1,0
0,934,404,0,1,0
0,405,926,0,1,0
0,926,405,0,1,0
0,406,925,0,1,0
0,925,406,0,1,0
0,407,918,0,1,0
0,918,407,0,1,0
0,407,924,0,1,0
0,924,407,0,1,0
0,408,916,0,1,0
0,916,408,0,1,0
0,409,1051,0,1,0
0,1051,409,0,1,0
0,410,683,0,1,0
0,683,410,0,1,0
0,411,912,0,0,1
0,912,411,0,0,1
0,411,919,1,0,0
0,919,411,1,0,0
0,411,933,1,0,0
0,933,411,1,0,0
0,411,1036,0,0,1
0,1036,411,0,0,1
0,411,909,0,0,1
0,909,411,0,0,1
0,411,917,0,0,1
0,917,411,0,0,1
0,412,929,0,1,0
0,929,412,0,1,0
0,413,945,0,1,0
0,945,413,0,1,0
0,414,732,0,1,0
0,732,414,0,1,0
0,414,743,0,1,0
0,743,414,0,1,0
0,415,643,0,1,0
0,643,415,0,1,0
0,415,702,0,1,0
0,702,415,0,1,0
0,416,648,0,1,0
0,648,416,0,1,0
0,417,710,0,0,1
0,710,417,0,0,1
0,417,706,0,1,0
0,706,417,0,1,0
0,417,1047,0,1,0
0,1047,417,0,1,0
0,417,631,0,1,0
0,631,417,0,1,0
0,417,704,0,1,0
0,704,417,0,1,0
0,417,632,0,1,0
0,632,417,0,1,0
0,417,1049,0,1,0
0,1049,417,0,1,0
0,418,727,0,1,0
0,727,418,0,1,0
0,418,737,0,1,0
0,737,418,0,1,0
0,419,725,0,1,0
0,725,419,0,1,0
0,419,928,0,1,0
0,928,419,0,1,0
0,419,735,0,1,0
0,735,419,0,1,0
0,419,922,0,1,0
0,922,419,0,1,0
0,419,908,0,1,0
0,908,419,0,1,0
0,419,927,0,1,0
0,927,419,0,1,0
0,419,726,0,0,1
0,726,419,0,0,1
0,420,736,0,1,0
0,736,420,0,1,0
0,421,924,0,1,0
0,924,421,0,1,0
0,422,725,0,1,0
0,725,422,0,1,0
0,423,752,0,1,0
0,752,423,0,1,0
0,423,749,0,1,0
0,749,423,0,1,0
0,423,751,0,1,0
0,751,423,0,1,0
0,423,917,0,0,1
0,917,423,0,0,1
0,423,766,0,1,0
0,766,423,0,1,0
0,423,762,0,1,0
0,762,423,0,1,0
0,423,758,0,1,0
0,758,423,0,1,0
0,424,753,0,1,0
0,753,424,0,1,0
0,425,747,0,1,0
0,747,425,0,1,0
0,425,750,0,1,0
0,750,425,0,1,0
0,425,909,0,0,1
0,909,425,0,0,1
0,425,748,0,1,0
0,748,425,0,1,0
0,426,746,0,1,0
0,746,426,0,1,0
0,426,932,0,1,0
0,932,426,0,1,0
0,426,728,0,1,0
0,728,426,0,1,0
0,427,767,0,1,0
0,767,427,0,1,0
0,429,767,0,1,0
0,767,429,0,1,0
0,429,702,0,1,0
0,702,429,0,1,0
0,429,772,0,1,0
0,772,429,0,1,0
0,429,776,0,0,1
0,776,429,0,0,1
0,430,730,0,1,0
0,730,430,0,1,0
0,430,762,0,1,0
0,762,430,0,1,0
0,431,769,0,1,0
0,769,431,0,1,0
0,431,913,0,1,0
0,913,431,0,1,0
0,431,755,0,1,0
0,755,431,0,1,0
0,432,1109,0,1,0
0,1109,432,0,1,0
0,432,1107,0,1,0
0,1107,432,0,1,0
0,432,1108,0,1,0
0,1108,432,0,1,0
0,432,1106,0,1,0
0,1106,432,0,1,0
0,432,695,0,1,0
0,695,432,0,1,0
0,432,936,0,0,1
0,936,432,0,0,1
0,432,1110,0,1,0
0,1110,432,0,1,0
0,433,757,0,0,1
0,757,433,0,0,1
0,433,710,0,0,1
0,710,433,0,0,1
0,433,731,1,0,0
0,731,433,1,0,0
0,433,760,0,0,1
0,760,433,0,0,1
0,433,738,1,0,0
0,738,433,1,0,0
0,433,776,0,0,1
0,776,433,0,0,1
0,434,778,0,1,0
0,778,434,0,1,0
0,435,954,0,1,0
0,954,435,0,1,0
0,436,1108,0,1,0
0,1108,436,0,1,0
0,436,763,0,1,0
0,763,436,0,1,0
0,437,764,0,0,1
0,764,437,0,0,1
0,437,740,1,0,0
0,740,437,1,0,0
0,437,765,0,0,1
0,765,437,0,0,1
0,437,739,1,0,0
0,739,437,1,0,0
0,437,777,0,0,1
0,777,437,0,0,1
0,437,952,0,0,1
0,952,437,0,0,1
0,438,938,0,1,0
0,938,438,0,1,0
0,438,764,0,0,1
0,764,438,0,0,1
0,438,761,0,1,0
0,761,438,0,1,0
0,438,768,0,1,0
0,768,438,0,1,0
0,439,774,0,1,0
0,774,439,0,1,0
0,440,790,0,1,0
0,790,440,0,1,0
0,441,786,0,1,0
0,786,441,0,1,0
0,441,943,0,1,0
0,943,441,0,1,0
0,442,720,1,0,0
0,720,442,1,0,0
0,442,717,1,0,0
0,717,442,1,0,0
0,442,787,0,0,1
0,787,442,0,0,1
0,442,799,0,0,1
0,799,442,0,0,1
0,442,789,0,0,1
0,789,442,0,0,1
0,442,729,0,0,1
0,729,442,0,0,1
0,1090,445,0,1,0
0,445,1090,0,1,0
0,970,446,0,1,0
0,446,970,0,1,0
0,979,448,0,1,0
0,448,979,0,1,0
0,1111,450,0,1,0
0,450,1111,0,1,0
0,451,1094,0,1,0
0,1094,451,0,1,0
0,452,656,0,1,0
0,656,452,0,1,0
0,453,937,0,1,0
0,937,453,0,1,0
0,453,954,0,1,0
0,954,453,0,1,0
0,1222,455,0,1,0
0,455,1222,0,1,0
0,456,911,0,1,0
0,911,456,0,1,0
0,456,1041,0,1,0
0,1041,456,0,1,0
0,1221,457,0,1,0
0,457,1221,0,1,0
0,458,951,0,1,0
0,951,458,0,1,0
0,458,779,0,1,0
0,779,458,0,1,0
0,459,831,0,1,0
0,831,459,0,1,0
0,459,694,0,1,0
0,694,459,0,1,0
0,460,715,1,0,0
0,715,460,1,0,0
0,460,722,1,0,0
0,722,460,1,0,0
0,460,745,0,0,1
0,745,460,0,0,1
0,460,795,0,0,1
0,795,460,0,0,1
0,460,782,0,0,1
0,782,460,0,0,1
0,460,803,0,0,1
0,803,460,0,0,1
0,463,804,0,1,0
0,804,463,0,1,0
0,463,892,0,1,0
0,892,463,0,1,0
0,463,696,0,1,0
0,696,463,0,1,0
0,464,775,0,1,0
0,775,464,0,1,0
0,464,848,0,1,0
0,848,464,0,1,0
0,464,851,0,1,0
0,851,464,0,1,0
0,465,1107,0,1,0
0,1107,465,0,1,0
0,465,827,0,1,0
0,827,465,0,1,0
0,466,812,0,1,0
0,812,466,0,1,0
0,467,858,0,1,0
0,858,467,0,1,0
0,1141,468,0,1,0
0,468,1141,0,1,0
0,1243,468,0,1,0
0,468,1243,0,1,0
0,1143,469,0,1,0
0,469,1143,0,1,0
0,1243,469,0,1,0
0,469,1243,0,1,0
0,1243,470,0,1,0
0,470,1243,0,1,0
0,971,471,0,0,1
0,471,971,0,0,1
0,472,700,0,1,0
0,700,472,0,1,0
0,473,890,0,1,0
0,890,473,0,1,0
0,474,834,0,1,0
0,834,474,0,1,0
0,475,853,0,1,0
0,853,475,0,1,0
0,477,892,0,1,0
0,892,477,0,1,0
0,478,1138,0,1,0
0,1138,478,0,1,0
0,969,479,0,1,0
0,479,969,0,1,0
0,1098,480,0,1,0
0,480,1098,0,1,0
0,1142,483,0,1,0
0,483,1142,0,1,0
0,971,484,0,0,1
0,484,971,0,0,1
0,1022,486,0,1,0
0,486,1022,0,1,0
0,1023,487,0,1,0
0,487,1023,0,1,0
0,1219,488,0,1,0
0,488,1219,0,1,0
0,1022,491,0,1,0
0,491,1022,0,1,0
0,1120,491,0,1,0
0,491,1120,0,1,0
0,1098,492,0,1,0
0,492,1098,0,1,0
0,971,494,1,0,0
0,494,971,1,0,0
0,971,495,0,0,1
0,495,971,0,0,1
0,1219,496,0,1,0
0,496,1219,0,1,0
0,971,497,0,0,1
0,497,971,0,0,1
0,1219,498,0,1,0
0,498,1219,0,1,0
0,972,499,0,1,0
0,499,972,0,1,0
0,971,500,1,0,0
0,500,971,1,0,0
0,969,501,0,1,0
0,501,969,0,1,0
0,1021,503,0,1,0
0,503,1021,0,1,0
0,969,504,0,1,0
0,504,969,0,1,0
0,1023,507,0,1,0
0,507,1023,0,1,0
0,1224,510,0,1,0
0,510,1224,0,1,0
0,1088,511,0,1,0
0,511,1088,0,1,0
0,992,513,0,1,0
0,513,992,0,1,0
0,994,514,0,1,0
0,514,994,0,1,0
0,969,515,0,0,1
0,515,969,0,0,1
0,1119,518,0,1,0
0,518,1119,0,1,0
0,1027,519,0,1,0
0,519,1027,0,1,0
0,1216,520,0,1,0
0,520,1216,0,1,0
0,522,826,0,1,0
0,826,522,0,1,0
0,523,915,0,0,1
0,915,523,0,0,1
0,523,708,0,1,0
0,708,523,0,1,0
0,523,640,0,1,0
0,640,523,0,1,0
0,523,913,0,1,0
0,913,523,0,1,0
0,524,832,0,1,0
0,832,524,0,1,0
0,524,760,0,0,1
0,760,524,0,0,1
0,524,824,0,1,0
0,824,524,0,1,0
0,524,805,0,1,0
0,805,524,0,1,0
0,524,816,0,1,0
0,816,524,0,1,0
0,524,830,0,1,0
0,830,524,0,1,0
0,524,828,0,1,0
0,828,524,0,1,0
0,525,696,0,1,0
0,696,525,0,1,0
0,526,832,0,1,0
0,832,526,0,1,0
0,526,853,0,1,0
0,853,526,0,1,0
0,527,880,0,1,0
0,880,527,0,1,0
0,527,888,0,1,0
0,888,527,0,1,0
0,527,756,0,1,0
0,756,527,0,1,0
0,528,873,0,1,0
0,873,528,0,1,0
0,528,871,0,1,0
0,871,528,0,1,0
0,528,875,0,1,0
0,875,528,0,1,0
0,529,818,0,1,0
0,818,529,0,1,0
0,530,815,0,1,0
0,815,530,0,1,0
0,531,757,0,0,1
0,757,531,0,0,1
0,531,820,0,1,0
0,820,531,0,1,0
0,531,815,0,1,0
0,815,531,0,1,0
0,531,829,0,1,0
0,829,531,0,1,0
0,532,849,0,1,0
0,849,532,0,1,0
0,532,777,0,0,1
0,777,532,0,0,1
0,532,844,0,1,0
0,844,532,0,1,0
0,532,711,0,1,0
0,711,532,0,1,0
0,533,870,0,1,0
0,870,533,0,1,0
0,534,809,0,1,0
0,809,534,0,1,0
0,535,771,0,1,0
0,771,535,0,1,0
0,536,712,0,1,0
0,712,536,0,1,0
0,537,772,0,1,0
0,772,537,0,1,0
0,537,823,0,1,0
0,823,537,0,1,0
0,537,809,0,1,0
0,809,537,0,1,0
0,538,769,0,1,0
0,769,538,0,1,0
0,539,1109,0,1,0
0,1109,539,0,1,0
0,540,759,0,0,1
0,759,540,0,0,1
0,540,841,0,1,0
0,841,540,0,1,0
0,540,814,0,1,0
0,814,540,0,1,0
0,540,845,0,1,0
0,845,540,0,1,0
0,540,846,0,1,0
0,846,540,0,1,0
0,540,837,0,1,0
0,837,540,0,1,0
0,540,843,0,1,0
0,843,540,0,1,0
0,541,693,0,1,0
0,693,541,0,1,0
0,542,780,0,1,0
0,780,542,0,1,0
0,543,848,0,1,0
0,848,543,0,1,0
0,544,796,0,1,0
0,796,544,0,1,0
0,545,713,0,1,0
0,713,545,0,1,0
0,546,1131,0,1,0
0,1131,546,0,1,0
0,546,1138,0,1,0
0,1138,546,0,1,0
0,546,1132,0,1,0
0,1132,546,0,1,0
0,547,1133,0,1,0
0,1133,547,0,1,0
0,548,875,0,1,0
0,875,548,0,1,0
0,549,701,0,1,0
0,701,549,0,1,0
0,551,816,0,1,0
0,816,551,0,1,0
0,552,883,0,1,0
0,883,552,0,1,0
0,553,825,0,1,0
0,825,553,0,1,0
0,554,820,0,1,0
0,820,554,0,1,0
0,554,852,0,1,0
0,852,554,0,1,0
0,555,874,0,1,0
0,874,555,0,1,0
0,555,872,0,1,0
0,872,555,0,1,0
0,555,871,0,1,0
0,871,555,0,1,0
0,555,807,0,0,1
0,807,555,0,0,1
0,556,849,0,1,0
0,849,556,0,1,0
0,556,868,0,1,0
0,868,556,0,1,0
0,557,889,0,1,0
0,889,557,0,1,0
0,558,840,0,1,0
0,840,558,0,1,0
0,559,881,0,1,0
0,881,559,0,1,0
0,560,711,0,1,0
0,711,560,0,1,0
0,561,811,0,1,0
0,811,561,0,1,0
0,562,699,0,1,0
0,699,562,0,1,0
0,563,697,0,1,0
0,697,563,0,1,0
0,563,856,0,1,0
0,856,563,0,1,0
0,564,887,0,1,0
0,887,564,0,1,0
0,565,851,0,1,0
0,851,565,0,1,0
0,566,854,0,1,0
0,854,566,0,1,0
0,566,839,0,1,0
0,839,566,0,1,0
0,567,843,0,1,0
0,843,567,0,1,0
0,568,837,0,1,0
0,837,568,0,1,0
0,569,872,0,1,0
0,872,569,0,1,0
0,569,862,0,1,0
0,862,569,0,1,0
0,570,873,0,1,0
0,873,570,0,1,0
0,571,852,0,1,0
0,852,571,0,1,0
0,573,857,0,1,0
0,857,573,0,1,0
0,573,1135,0,1,0
0,1135,573,0,1,0
0,575,856,0,1,0
0,856,575,0,1,0
0,576,862,0,1,0
0,862,576,0,1,0
0,577,864,0,1,0
0,864,577,0,1,0
0,578,863,0,1,0
0,863,578,0,1,0
0,579,868,0,1,0
0,868,579,0,1,0
0,968,583,0,0,1
0,583,968,0,0,1
0,981,585,0,0,1
0,585,981,0,0,1
0,962,585,0,0,1
0,585,962,0,0,1
0,1011,586,0,0,1
0,586,1011,0,0,1
0,1090,587,0,0,1
0,587,1090,0,0,1
0,999,588,0,0,1
0,588,999,0,0,1
0,1011,589,0,0,1
0,589,1011,0,0,1
0,1018,589,0,0,1
0,589,1018,0,0,1
0,981,591,0,0,1
0,591,981,0,0,1
0,1111,592,0,0,1
0,592,1111,0,0,1
0,981,592,0,0,1
0,592,981,0,0,1
0,970,594,0,0,1
0,594,970,0,0,1
0,981,596,0,0,1
0,596,981,0,0,1
0,1204,597,0,0,1
0,597,1204,0,0,1
0,1000,599,0,0,1
0,599,1000,0,0,1
0,1232,600,0,0,1
0,600,1232,0,0,1
0,1228,603,0,1,0
0,603,1228,0,1,0
0,1218,603,0,1,0
0,603,1218,0,1,0
0,961,607,0,1,0
0,607,961,0,1,0
0,1021,607,0,1,0
0,607,1021,0,1,0
0,980,608,0,1,0
0,608,980,0,1,0
0,1228,610,0,1,0
0,610,1228,0,1,0
0,1021,610,0,1,0
0,610,1021,0,1,0
0,980,612,0,1,0
0,612,980,0,1,0
0,1112,614,0,1,0
0,614,1112,0,1,0
0,1226,615,0,1,0
0,615,1226,0,1,0
0,1014,616,0,1,0
0,616,1014,0,1,0
0,1226,621,0,1,0
0,621,1226,0,1,0
0,624,789,0,0,1
0,789,624,0,0,1
0,625,847,0,1,0
0,847,625,0,1,0
0,626,886,0,1,0
0,886,626,0,1,0
0,627,830,0,1,0
0,830,627,0,1,0
0,1087,628,0,1,0
0,628,1087,0,1,0
0,997,628,0,1,0
0,628,997,0,1,0
0,1010,629,0,1,0
0,629,1010,0,1,0
0,1192,629,0,1,0
0,629,1192,0,1,0
0,1235,630,0,1,0
0,630,1235,0,1,0
0,1009,633,0,1,0
0,633,1009,0,1,0
0,1235,633,0,1,0
0,633,1235,0,1,0
0,1194,635,0,1,0
0,635,1194,0,1,0
0,1198,635,0,1,0
0,635,1198,0,1,0
0,903,636,0,1,0
0,636,903,0,1,0
0,1194,637,0,1,0
0,637,1194,0,1,0
0,1085,637,0,1,0
0,637,1085,0,1,0
0,1099,638,0,0,1
0,638,1099,0,0,1
0,1235,638,0,0,1
0,638,1235,0,0,1
0,1001,639,0,1,0
0,639,1001,0,1,0
0,1202,642,0,1,0
0,642,1202,0,1,0
0,1085,642,0,1,0
0,642,1085,0,1,0
0,990,643,0,1,0
0,643,990,0,1,0
0,1203,644,0,1,0
0,644,1203,0,1,0
0,1196,645,0,1,0
0,645,1196,0,1,0
0,902,646,0,1,0
0,646,902,0,1,0
0,902,648,0,1,0
0,648,902,0,1,0
0,1075,650,0,1,0
0,650,1075,0,1,0
0,1234,651,0,1,0
0,651,1234,0,1,0
0,1007,652,0,1,0
0,652,1007,0,1,0
0,1085,652,0,1,0
0,652,1085,0,1,0
0,1085,657,0,1,0
0,657,1085,0,1,0
0,1125,658,0,1,0
0,658,1125,0,1,0
0,1232,659,0,1,0
0,659,1232,0,1,0
0,1208,660,0,1,0
0,660,1208,0,1,0
0,968,660,0,1,0
0,660,968,0,1,0
0,968,661,0,1,0
0,661,968,0,1,0
0,1240,664,0,1,0
0,664,1240,0,1,0
0,968,664,0,1,0
0,664,968,0,1,0
0,1116,666,0,1,0
0,666,1116,0,1,0
0,1204,666,0,1,0
0,666,1204,0,1,0
0,1116,667,0,1,0
0,667,1116,0,1,0
0,1082,668,0,1,0
0,668,1082,0,1,0
0,1084,670,0,1,0
0,670,1084,0,1,0
0,997,673,0,1,0
0,673,997,0,1,0
0,900,674,0,1,0
0,674,900,0,1,0
0,1129,676,0,1,0
0,676,1129,0,1,0
0,1116,677,0,1,0
0,677,1116,0,1,0
0,1205,678,0,1,0
0,678,1205,0,1,0
0,1204,678,0,1,0
0,678,1204,0,1,0
0,1192,679,0,1,0
0,679,1192,0,1,0
0,898,680,0,1,0
0,680,898,0,1,0
0,1128,681,0,1,0
0,681,1128,0,1,0
0,1207,681,0,1,0
0,681,1207,0,1,0
0,1006,682,0,1,0
0,682,1006,0,1,0
0,1081,682,0,1,0
0,682,1081,0,1,0
0,1002,684,0,1,0
0,684,1002,0,1,0
0,1074,685,0,1,0
0,685,1074,0,1,0
0,899,686,0,1,0
0,686,899,0,1,0
0,1214,688,0,1,0
0,688,1214,0,1,0
0,1004,689,0,1,0
0,689,1004,0,1,0
0,1074,690,0,1,0
0,690,1074,0,1,0
0,1205,691,0,1,0
0,691,1205,0,1,0
0,1074,692,0,1,0
0,692,1074,0,1,0
0,957,701,0,1,0
0,701,957,0,1,0
0,901,703,0,1,0
0,703,901,0,1,0
0,904,716,1,0,0
0,716,904,1,0,0
0,904,719,1,0,0
0,719,904,1,0,0
0,991,728,0,1,0
0,728,991,0,1,0
0,1212,734,0,1,0
0,734,1212,0,1,0
0,1103,735,0,1,0
0,735,1103,0,1,0
0,973,742,0,1,0
0,742,973,0,1,0
0,989,743,0,1,0
0,743,989,0,1,0
0,905,746,0,1,0
0,746,905,0,1,0
0,894,747,0,1,0
0,747,894,0,1,0
0,1199,748,0,1,0
0,748,1199,0,1,0
0,982,749,0,1,0
0,749,982,0,1,0
0,975,754,0,1,0
0,754,975,0,1,0
0,1078,755,0,1,0
0,755,1078,0,1,0
0,988,761,0,1,0
0,761,988,0,1,0
0,1079,768,0,1,0
0,768,1079,0,1,0
0,985,773,0,0,1
0,773,985,0,0,1
0,1008,774,0,1,0
0,774,1008,0,1,0
0,1008,775,0,1,0
0,775,1008,0,1,0
0,974,781,0,1,0
0,781,974,0,1,0
0,973,782,0,0,1
0,782,973,0,0,1
0,973,783,0,1,0
0,783,973,0,1,0
0,955,785,0,0,1
0,785,955,0,0,1
0,989,787,0,0,1
0,787,989,0,0,1
0,973,790,0,1,0
0,790,973,0,1,0
0,904,792,0,0,1
0,792,904,0,0,1
0,989,793,0,1,0
0,793,989,0,1,0
0,904,797,0,0,1
0,797,904,0,0,1
0,1008,797,0,0,1
0,797,1008,0,0,1
0,955,800,0,1,0
0,800,955,0,1,0
0,904,801,0,0,1
0,801,904,0,0,1
0,977,802,0,1,0
0,802,977,0,1,0
0,989,804,0,1,0
0,804,989,0,1,0
0,1103,806,0,1,0
0,806,1103,0,1,0
0,1104,810,0,1,0
0,810,1104,0,1,0
0,1079,811,0,1,0
0,811,1079,0,1,0
0,1079,812,0,1,0
0,812,1079,0,1,0
0,1102,817,0,1,0
0,817,1102,0,1,0
0,906,822,0,1,0
0,822,906,0,1,0
0,894,825,0,1,0
0,825,894,0,1,0
0,1104,826,0,1,0
0,826,1104,0,1,0
0,983,827,0,1,0
0,827,983,0,1,0
0,906,833,0,1,0
0,833,906,0,1,0
0,955,838,0,1,0
0,838,955,0,1,0
0,985,839,0,1,0
0,839,985,0,1,0
0,984,842,0,1,0
0,842,984,0,1,0
0,955,842,0,1,0
0,842,955,0,1,0
0,1201,845,0,1,0
0,845,1201,0,1,0
0,1225,846,0,1,0
0,846,1225,0,1,0
0,955,847,0,1,0
0,847,955,0,1,0
0,985,850,0,1,0
0,850,985,0,1,0
0,1105,850,0,1,0
0,850,1105,0,1,0
0,1201,855,0,1,0
0,855,1201,0,1,0
0,1091,858,0,1,0
0,858,1091,0,1,0
0,1060,861,0,1,0
0,861,1060,0,1,0
0,965,863,0,1,0
0,863,965,0,1,0
0,955,869,0,1,0
0,869,955,0,1,0
0,967,874,0,1,0
0,874,967,0,1,0
0,955,876,0,1,0
0,876,955,0,1,0
0,965,876,0,1,0
0,876,965,0,1,0
0,1092,877,0,1,0
0,877,1092,0,1,0
0,985,884,0,1,0
0,884,985,0,1,0
0,956,888,0,1,0
0,888,956,0,1,0
0,1101,891,0,1,0
0,891,1101,0,1,0
0,893,923,0,1,0
0,923,893,0,1,0
0,896,1095,0,1,0
0,1095,896,0,1,0
0,896,1093,0,1,0
0,1093,896,0,1,0
0,896,1094,0,1,0
0,1094,896,0,1,0
0,903,1183,0,1,0
0,1183,903,0,1,0
0,904,942,0,0,1
0,942,904,0,0,1
0,1209,910,0,1,0
0,910,1209,0,1,0
0,1077,911,0,1,0
0,911,1077,0,1,0
0,1211,912,0,0,1
0,912,1211,0,0,1
0,1069,914,0,1,0
0,914,1069,0,1,0
0,1099,915,0,0,1
0,915,1099,0,0,1
0,1086,920,0,1,0
0,920,1086,0,1,0
0,1238,921,0,1,0
0,921,1238,0,1,0
0,1069,922,0,1,0
0,922,1069,0,1,0
0,1237,923,0,1,0
0,923,1237,0,1,0
0,1076,927,0,1,0
0,927,1076,0,1,0
0,1211,929,0,1,0
0,929,1211,0,1,0
0,1236,930,0,1,0
0,930,1236,0,1,0
0,1200,931,0,1,0
0,931,1200,0,1,0
0,1005,931,0,1,0
0,931,1005,0,1,0
0,1211,932,0,1,0
0,932,1211,0,1,0
0,1008,935,0,1,0
0,935,1008,0,1,0
0,1099,936,0,0,1
0,936,1099,0,0,1
0,1099,939,0,0,1
0,939,1099,0,0,1
0,1100,940,0,1,0
0,940,1100,0,1,0
0,1085,941,0,1,0
0,941,1085,0,1,0
0,1099,946,1,0,0
0,946,1099,1,0,0
0,1009,948,0,1,0
0,948,1009,0,1,0
0,1099,950,1,0,0
0,950,1099,1,0,0
0,1085,951,0,1,0
0,951,1085,0,1,0
0,1085,952,0,0,1
0,952,1085,0,0,1
0,959,1154,0,1,0
0,1154,959,0,1,0
0,962,1175,0,1,0
0,1175,962,0,1,0
0,962,1148,0,1,0
0,1148,962,0,1,0
0,962,1150,0,1,0
0,1150,962,0,1,0
0,981,1062,1,0,0
0,1062,981,1,0,0
0,981,1063,1,0,0
0,1063,981,1,0,0
0,986,1136,0,1,0
0,1136,986,0,1,0
0,998,1163,0,1,0
0,1163,998,0,1,0
0,998,1155,0,1,0
0,1155,998,0,1,0
0,999,1181,0,1,0
0,1181,999,0,1,0
0,999,1188,0,1,0
0,1188,999,0,1,0
0,999,1190,0,1,0
0,1190,999,0,1,0
0,999,1154,0,1,0
0,1154,999,0,1,0
0,999,1160,0,1,0
0,1160,999,0,1,0
0,999,1155,0,1,0
0,1155,999,0,1,0
0,1000,1157,0,1,0
0,1157,1000,0,1,0
0,1000,1149,0,1,0
0,1149,1000,0,1,0
0,1003,1171,0,1,0
0,1171,1003,0,1,0
0,1005,1149,0,1,0
0,1149,1005,0,1,0
0,1011,1052,1,0,0
0,1052,1011,1,0,0
0,1011,1241,1,0,0
0,1241,1011,1,0,0
0,1015,1145,0,1,0
0,1145,1015,0,1,0
0,1015,1174,0,1,0
0,1174,1015,0,1,0
0,1016,1163,0,1,0
0,1163,1016,0,1,0
0,1017,1171,0,1,0
0,1171,1017,0,1,0
0,1017,1153,0,1,0
0,1153,1017,0,1,0
0,1017,1170,0,1,0
0,1170,1017,0,1,0
0,1018,1034,0,1,0
0,1034,1018,0,1,0
0,1018,1032,0,1,0
0,1032,1018,0,1,0
0,1018,1039,0,1,0
0,1039,1018,0,1,0
0,1018,1031,0,1,0
0,1031,1018,0,1,0
0,1018,1040,0,1,0
0,1040,1018,0,1,0
0,1018,1161,0,1,0
0,1161,1018,0,1,0
0,1019,1185,0,1,0
0,1185,1019,0,1,0
0,1025,1054,0,1,0
0,1054,1025,0,1,0
0,1083,1034,0,1,0
0,1034,1083,0,1,0
0,1074,1035,0,1,0
0,1035,1074,0,1,0
0,1074,1036,0,0,1
0,1036,1074,0,0,1
0,1193,1038,0,1,0
0,1038,1193,0,1,0
0,1074,1038,0,1,0
0,1038,1074,0,1,0
0,1074,1041,0,1,0
0,1041,1074,0,1,0
0,1080,1044,0,1,0
0,1044,1080,0,1,0
0,1126,1045,0,1,0
0,1045,1126,0,1,0
0,1127,1048,0,1,0
0,1048,1127,0,1,0
0,1211,1050,0,1,0
0,1050,1211,0,1,0
0,1140,1065,0,1,0
0,1065,1140,0,1,0
0,1073,1178,0,1,0
0,1178,1073,0,1,0
0,1081,1164,0,1,0
0,1164,1081,0,1,0
0,1232,1093,0,1,0
0,1093,1232,0,1,0
0,1232,1096,0,1,0
0,1096,1232,0,1,0
0,1117,1166,0,1,0
0,1166,1117,0,1,0
0,1117,1173,0,1,0
0,1173,1117,0,1,0
0,1130,1156,0,1,0
0,1156,1130,0,1,0
0,1195,1152,0,1,0
0,1152,1195,0,1,0
0,1208,1158,0,1,0
0,1158,1208,0,1,0
0,1197,1181,0,1,0
0,1181,1197,0,1,0
0,1235,1182,0,1,0
0,1182,1235,0,1,0
0,1210,1184,0,1,0
0,1184,1210,0,1,0
0,1235,1186,0,1,0
0,1186,1235,0,1,0
0,1213,1187,0,1,0
0,1187,1213,0,1,0
0,1235,1189,0,1,0
0,1189,1235,0,1,0
0,1235,1191,0,1,0
0,1191,1235,0,1,0
0,1217,1239,0,1,0
0,1239,1217,0,1,0
