graph_id,node_id,label,train_mask,val_mask,test_mask,feat_zoning_type_0,feat_zoning_type_1,feat_zoning_type_2,feat_zoning_type_3,feat_connectivity_0,feat_connectivity_1,feat_connectivity_2
0,0,8,False,False,True,0,0,0,1,0.0,1.0,0.0
0,1,7,False,False,True,0,0,1,0,0.0,1.0,0.0
0,2,6,False,False,True,0,0,1,0,0.0,1.0,0.0
0,3,1,False,False,True,0,1,0,0,0.0,1.0,0.0
0,4,4,False,False,True,0,1,0,0,0.0,0.0,1.0
0,5,7,False,False,True,0,0,1,0,0.0,1.0,0.0
0,6,7,False,False,True,0,0,1,0,0.0,1.0,0.0
0,7,6,False,False,True,0,0,1,0,0.0,1.0,0.0
0,8,4,False,False,True,0,1,0,0,0.0,1.0,0.0
0,9,7,False,False,True,0,0,1,0,0.0,1.0,0.0
0,10,4,False,False,True,0,1,0,0,0.0,1.0,0.0
0,11,7,False,False,True,0,0,1,0,0.0,1.0,0.0
0,12,7,False,False,True,0,0,1,0,0.0,1.0,0.0
0,13,7,False,False,True,0,0,1,0,0.0,1.0,0.0
0,14,4,False,False,True,0,1,0,0,0.0,1.0,0.0
0,15,6,False,False,True,0,0,1,0,0.0,1.0,0.0
0,16,4,False,False,True,0,1,0,0,0.0,0.0,1.0
0,17,4,False,False,True,0,1,0,0,0.0,0.0,1.0
0,18,4,False,False,True,0,1,0,0,0.0,1.0,0.0
0,19,7,False,False,True,0,0,1,0,0.0,1.0,0.0
0,20,8,False,False,True,0,0,0,1,0.0,1.0,0.0
0,21,8,False,False,True,0,0,0,1,0.0,1.0,0.0
0,22,8,False,False,True,0,0,0,1,0.0,1.0,0.0
0,23,8,False,False,True,0,0,0,1,0.0,1.0,0.0
0,24,8,False,False,True,0,0,0,1,0.0,1.0,0.0
0,25,8,False,False,True,0,0,0,1,0.0,1.0,0.0
0,26,8,False,False,True,0,0,0,1,0.0,1.0,0.0
0,27,8,False,False,True,0,0,0,1,0.0,1.0,0.0
0,28,8,False,False,True,0,0,0,1,0.0,1.0,0.0
0,29,8,False,False,True,0,0,0,1,0.0,1.0,0.0
0,30,4,False,False,True,0,1,0,0,0.333333,0.0,0.666667
0,31,6,False,False,True,0,0,1,0,0.0,1.0,0.0
0,32,4,False,False,True,0,1,0,0,0.0,0.857143,0.142857
0,33,2,False,False,True,0,1,0,0,0.0,1.0,0.0
0,34,2,False,False,True,0,1,0,0,0.0,1.0,0.0
0,35,2,False,False,True,0,1,0,0,0.0,1.0,0.0
0,36,4,False,False,True,0,1,0,0,0.0,1.0,0.0
0,37,8,False,False,True,0,0,0,1,0.0,1.0,0.0
0,38,5,False,False,True,0,0,1,0,1.0,0.0,0.0
0,39,6,False,False,True,0,0,1,0,0.0,0.0,0.0
0,40,4,False,False,True,0,1,0,0,0.0,0.857143,0.142857
0,41,0,False,False,True,1,0,0,0,0.0,1.0,0.0
0,42,4,False,False,True,0,1,0,0,0.0,0.75,0.25
0,43,7,False,False,True,0,0,1,0,0.0,1.0,0.0
0,44,4,False,False,True,0,1,0,0,0.0,0.857143,0.142857
0,45,4,False,False,True,0,1,0,0,0.0,1.0,0.0
0,46,7,False,False,True,0,0,1,0,0.0,1.0,0.0
0,47,2,False,False,True,0,1,0,0,0.0,1.0,0.0
0,48,2,False,False,True,0,1,0,0,0.0,1.0,0.0
0,49,0,False,False,True,1,0,0,0,0.0,1.0,0.0
0,50,4,False,False,True,0,1,0,0,0.0,1.0,0.0
0,51,7,False,False,True,0,0,1,0,0.0,1.0,0.0
0,52,8,False,False,True,0,0,0,1,0.0,0.75,0.25
0,53,8,False,False,True,0,0,0,1,0.0,1.0,0.0
0,54,8,False,False,True,0,0,0,1,0.0,1.0,0.0
0,55,4,False,False,True,0,1,0,0,0.0,1.0,0.0
0,56,8,False,False,True,0,0,0,1,0.0,1.0,0.0
0,57,8,False,False,True,0,0,0,1,0.0,1.0,0.0
0,58,8,False,False,True,0,0,0,1,0.0,1.0,0.0
0,59,8,False,False,True,0,0,0,1,0.0,1.0,0.0
0,60,8,False,False,True,0,0,0,1,0.0,1.0,0.0
0,61,4,False,False,True,0,1,0,0,0.0,1.0,0.0
0,62,4,False,False,True,0,1,0,0,0.0,1.0,0.0
0,63,4,False,False,True,0,1,0,0,0.0,1.0,0.0
0,64,4,False,False,True,0,1,0,0,0.0,1.0,0.0
0,65,8,False,False,True,0,0,0,1,0.0,1.0,0.0
0,66,8,False,False,True,0,0,0,1,0.0,1.0,0.0
0,67,8,False,False,True,0,0,0,1,0.0,1.0,0.0
0,68,4,False,False,True,0,1,0,0,0.0,1.0,0.0
0,69,8,False,False,True,0,0,0,1,0.0,0.857143,0.142857
0,70,7,False,False,True,0,0,1,0,0.0,1.0,0.0
0,71,1,False,False,True,0,1,0,0,0.0,1.0,0.0
0,72,2,False,False,True,0,1,0,0,0.0,1.0,0.0
0,73,7,False,False,True,0,0,1,0,0.0,1.0,0.0
0,74,7,False,False,True,0,0,1,0,0.0,1.0,0.0
0,75,4,False,False,True,0,1,0,0,0.0,1.0,0.0
0,76,4,False,False,True,0,1,0,0,0.0,0.857143,0.142857
0,77,4,False,False,True,0,1,0,0,0.0,1.0,0.0
0,78,4,False,False,True,0,1,0,0,0.0,1.0,0.0
0,79,4,False,False,True,0,1,0,0,0.0,1.0,0.0
0,80,8,False,False,True,0,0,0,1,0.0,1.0,0.0
0,81,8,False,False,True,0,0,0,1,0.333333,0.0,0.666667
0,82,8,False,False,True,0,0,0,1,0.0,1.0,0.0
0,83,8,False,False,True,0,0,0,1,0.0,1.0,0.0
0,84,8,False,False,True,0,0,0,1,0.0,1.0,0.0
0,85,4,False,False,True,0,1,0,0,0.0,0.0,0.0
0,86,4,False,False,True,0,1,0,0,0.0,1.0,0.0
0,87,8,False,False,True,0,0,0,1,0.0,1.0,0.0
0,88,8,False,False,True,0,0,0,1,0.0,1.0,0.0
0,89,8,False,False,True,0,0,0,1,0.0,0.857143,0.142857
0,90,8,False,False,True,0,0,0,1,0.0,1.0,0.0
0,91,8,False,False,True,0,0,0,1,0.0,1.0,0.0
0,92,8,False,False,True,0,0,0,1,0.0,1.0,0.0
0,93,8,False,False,True,0,0,0,1,0.0,1.0,0.0
0,94,8,False,False,True,0,0,0,1,0.0,1.0,0.0
0,95,8,False,False,True,0,0,0,1,0.0,1.0,0.0
0,96,8,False,False,True,0,0,0,1,0.0,1.0,0.0
0,97,8,False,False,True,0,0,0,1,0.0,1.0,0.0
0,98,8,False,False,True,0,0,0,1,0.0,0.75,0.25
0,99,8,False,False,True,0,0,0,1,0.0,1.0,0.0
0,100,8,False,False,True,0,0,0,1,0.0,1.0,0.0
0,101,4,False,False,True,0,1,0,0,0.0,1.0,0.0
0,102,8,False,False,True,0,0,0,1,0.0,0.75,0.25
0,103,8,False,False,True,0,0,0,1,0.0,1.0,0.0
0,104,4,False,False,True,0,1,0,0,0.0,0.0,0.0
0,105,4,False,False,True,0,1,0,0,0.0,0.75,0.25
0,106,4,False,False,True,0,1,0,0,0.0,1.0,0.0
0,107,8,False,False,True,0,0,0,1,0.0,1.0,0.0
0,108,8,False,False,True,0,0,0,1,0.0,1.0,0.0
0,109,8,False,False,True,0,0,0,1,0.0,1.0,0.0
0,110,8,False,False,True,0,0,0,1,0.0,1.0,0.0
0,111,4,False,False,True,0,1,0,0,0.0,1.0,0.0
0,112,4,False,False,True,0,1,0,0,0.0,1.0,0.0
0,113,7,False,False,True,0,0,1,0,0.0,1.0,0.0
0,114,2,False,False,True,0,1,0,0,0.0,1.0,0.0
0,115,7,False,False,True,0,0,1,0,0.0,1.0,0.0
0,116,7,False,False,True,0,0,1,0,0.0,1.0,0.0
0,117,8,False,False,True,0,0,0,1,0.0,1.0,0.0
0,118,8,False,False,True,0,0,0,1,0.0,1.0,0.0
0,119,4,False,False,True,0,1,0,0,0.0,1.0,0.0
0,120,4,False,False,True,0,1,0,0,0.0,1.0,0.0
0,121,4,False,False,True,0,1,0,0,0.0,0.0,0.0
0,122,8,False,False,True,0,0,0,1,0.0,1.0,0.0
0,123,4,False,False,True,0,1,0,0,0.0,0.0,0.0
0,124,0,False,False,True,1,0,0,0,0.0,1.0,0.0
0,125,4,False,False,True,0,1,0,0,0.0,1.0,0.0
0,126,8,False,False,True,0,0,0,1,0.0,1.0,0.0
0,127,4,False,False,True,0,1,0,0,0.0,1.0,0.0
0,128,4,False,False,True,0,1,0,0,0.0,0.857143,0.142857
0,129,4,False,False,True,0,1,0,0,0.0,0.0,0.0
0,130,4,False,False,True,0,1,0,0,0.0,0.0,0.0
0,131,4,False,False,True,0,1,0,0,0.0,0.75,0.25
0,132,1,False,False,True,0,1,0,0,0.0,1.0,0.0
0,133,4,False,False,True,0,1,0,0,0.0,0.857143,0.142857
0,134,0,False,False,True,1,0,0,0,0.0,1.0,0.0
0,135,8,False,False,True,0,0,0,1,0.0,1.0,0.0
0,136,8,False,False,True,0,0,0,1,0.0,1.0,0.0
0,137,8,False,False,True,0,0,0,1,0.0,1.0,0.0
0,138,8,False,False,True,0,0,0,1,0.0,1.0,0.0
0,139,4,False,False,True,0,1,0,0,0.0,1.0,0.0
0,140,4,False,False,True,0,1,0,0,0.0,1.0,0.0
0,141,4,False,False,True,0,1,0,0,0.0,1.0,0.0
0,142,8,False,False,True,0,0,0,1,0.0,1.0,0.0
0,143,2,False,False,True,0,1,0,0,0.0,1.0,0.0
0,144,7,False,False,True,0,0,1,0,0.0,1.0,0.0
0,145,6,False,False,True,0,0,1,0,0.0,1.0,0.0
0,146,7,False,False,True,0,0,1,0,0.0,1.0,0.0
0,147,7,False,False,True,0,0,1,0,0.0,1.0,0.0
0,148,0,False,False,True,1,0,0,0,0.0,1.0,0.0
0,149,2,False,False,True,0,1,0,0,0.0,1.0,0.0
0,150,1,False,False,True,0,1,0,0,0.0,1.0,0.0
0,151,8,False,False,True,0,0,0,1,0.0,1.0,0.0
0,152,8,False,False,True,0,0,0,1,0.0,1.0,0.0
0,153,4,False,False,True,0,1,0,0,0.0,0.0,1.0
0,154,4,False,False,True,0,1,0,0,0.0,0.0,1.0
0,155,8,False,False,True,0,0,0,1,0.0,1.0,0.0
0,156,7,False,False,True,0,0,1,0,0.0,1.0,0.0
0,157,7,False,False,True,0,0,1,0,0.0,1.0,0.0
0,158,7,False,False,True,0,0,1,0,0.0,1.0,0.0
0,159,7,False,False,True,0,0,1,0,0.0,1.0,0.0
0,160,7,False,False,True,0,0,1,0,0.0,1.0,0.0
0,161,8,False,False,True,0,0,0,1,0.0,1.0,0.0
0,162,7,False,False,True,0,0,1,0,0.0,1.0,0.0
0,163,4,False,False,True,0,1,0,0,0.0,1.0,0.0
0,164,4,False,False,True,0,1,0,0,0.0,1.0,0.0
0,165,7,False,False,True,0,0,1,0,0.0,1.0,0.0
0,166,7,False,False,True,0,0,1,0,0.0,1.0,0.0
0,167,7,False,False,True,0,0,1,0,0.0,1.0,0.0
0,168,4,False,False,True,0,1,0,0,0.0,1.0,0.0
0,169,7,False,False,True,0,0,1,0,0.0,1.0,0.0
0,170,7,False,False,True,0,0,1,0,0.0,1.0,0.0
0,171,7,False,False,True,0,0,1,0,0.0,1.0,0.0
0,172,8,False,False,True,0,0,0,1,0.0,1.0,0.0
0,173,7,False,False,True,0,0,1,0,0.0,1.0,0.0
0,174,4,False,False,True,0,1,0,0,0.0,1.0,0.0
0,175,4,False,False,True,0,1,0,0,0.0,1.0,0.0
0,176,7,False,False,True,0,0,1,0,0.0,1.0,0.0
0,177,7,False,False,True,0,0,1,0,0.0,1.0,0.0
0,178,7,False,False,True,0,0,1,0,0.0,1.0,0.0
0,179,7,False,False,True,0,0,1,0,0.0,1.0,0.0
0,180,7,False,False,True,0,0,1,0,0.0,1.0,0.0
0,181,7,False,False,True,0,0,1,0,0.0,1.0,0.0
0,182,7,False,False,True,0,0,1,0,0.0,1.0,0.0
0,183,7,False,False,True,0,0,1,0,0.0,1.0,0.0
0,184,7,False,False,True,0,0,1,0,0.0,1.0,0.0
0,185,7,False,False,True,0,0,1,0,0.0,1.0,0.0
0,186,4,False,False,True,0,1,0,0,0.0,1.0,0.0
0,187,7,False,False,True,0,0,1,0,0.0,1.0,0.0
0,188,7,False,False,True,0,0,1,0,0.0,1.0,0.0
0,189,4,False,False,True,0,1,0,0,0.0,1.0,0.0
0,190,7,False,False,True,0,0,1,0,0.0,1.0,0.0
0,191,4,False,False,True,0,1,0,0,0.0,0.0,1.0
0,192,8,False,False,True,0,0,0,1,0.0,1.0,0.0
0,193,7,False,False,True,0,0,1,0,0.0,1.0,0.0
0,194,4,False,False,True,0,1,0,0,0.0,1.0,0.0
0,195,4,False,False,True,0,1,0,0,0.0,1.0,0.0
0,196,7,False,False,True,0,0,1,0,0.0,1.0,0.0
0,197,7,False,False,True,0,0,1,0,0.0,1.0,0.0
0,198,7,False,False,True,0,0,1,0,0.0,1.0,0.0
0,199,7,False,False,True,0,0,1,0,0.0,1.0,0.0
0,200,7,False,False,True,0,0,1,0,0.0,1.0,0.0
0,201,7,False,False,True,0,0,1,0,0.0,1.0,0.0
0,202,4,False,False,True,0,1,0,0,0.0,1.0,0.0
0,203,8,False,False,True,0,0,0,1,0.0,1.0,0.0
0,204,4,False,False,True,0,1,0,0,0.0,1.0,0.0
0,205,6,False,False,True,0,0,1,0,0.0,1.0,0.0
0,206,4,False,False,True,0,1,0,0,0.0,1.0,0.0
0,207,8,False,False,True,0,0,0,1,0.0,1.0,0.0
0,208,6,False,False,True,0,0,1,0,0.0,1.0,0.0
0,209,4,False,False,True,0,1,0,0,0.0,1.0,0.0
0,210,7,False,False,True,0,0,1,0,0.0,1.0,0.0
0,211,4,False,False,True,0,1,0,0,0.0,1.0,0.0
0,212,8,False,False,True,0,0,0,1,0.0,1.0,0.0
0,213,8,False,False,True,0,0,0,1,0.0,1.0,0.0
0,214,4,False,False,True,0,1,0,0,0.0,0.857143,0.142857
0,215,8,False,False,True,0,0,0,1,0.0,1.0,0.0
0,216,8,False,False,True,0,0,0,1,0.0,1.0,0.0
0,217,8,False,False,True,0,0,0,1,0.0,1.0,0.0
0,218,8,False,False,True,0,0,0,1,0.0,0.857143,0.142857
0,219,8,False,False,True,0,0,0,1,0.0,1.0,0.0
0,220,8,False,False,True,0,0,0,1,0.0,1.0,0.0
0,221,8,False,False,True,0,0,0,1,0.0,1.0,0.0
0,222,7,False,False,True,0,0,1,0,0.0,1.0,0.0
0,223,4,False,False,True,0,1,0,0,0.0,0.857143,0.142857
0,224,2,False,False,True,0,1,0,0,0.0,1.0,0.0
0,225,1,False,False,True,0,1,0,0,0.0,1.0,0.0
0,226,0,False,False,True,1,0,0,0,0.0,1.0,0.0
0,227,8,False,False,True,0,0,0,1,0.0,1.0,0.0
0,228,4,False,False,True,0,1,0,0,0.0,1.0,0.0
0,229,4,False,False,True,0,1,0,0,0.333333,0.0,0.666667
0,230,4,False,False,True,0,1,0,0,0.0,0.857143,0.142857
0,231,4,False,False,True,0,1,0,0,0.0,1.0,0.0
0,232,4,False,False,True,0,1,0,0,0.0,1.0,0.0
0,233,4,False,False,True,0,1,0,0,0.0,0.0,0.0
0,234,5,False,False,True,0,0,1,0,1.0,0.0,0.0
0,235,0,False,False,True,1,0,0,0,0.0,1.0,0.0
0,236,1,False,False,True,0,1,0,0,0.0,1.0,0.0
0,237,0,False,False,True,1,0,0,0,0.0,1.0,0.0
0,238,7,False,False,True,0,0,1,0,0.0,1.0,0.0
0,239,7,False,False,True,0,0,1,0,0.0,1.0,0.0
0,240,1,False,False,True,0,1,0,0,0.0,1.0,0.0
0,241,4,False,False,True,0,1,0,0,0.0,1.0,0.0
0,242,7,False,False,True,0,0,1,0,0.0,1.0,0.0
0,243,1,False,False,True,0,1,0,0,0.0,1.0,0.0
0,244,7,False,False,True,0,0,1,0,0.0,1.0,0.0
0,245,7,False,False,True,0,0,1,0,0.0,1.0,0.0
0,246,7,False,False,True,0,0,1,0,0.0,1.0,0.0
0,247,7,False,False,True,0,0,1,0,0.0,1.0,0.0
0,248,2,False,False,True,0,1,0,0,0.0,1.0,0.0
0,249,4,False,False,True,0,1,0,0,0.0,0.75,0.25
0,250,1,False,False,True,0,1,0,0,0.0,1.0,0.0
0,251,1,False,False,True,0,1,0,0,0.0,1.0,0.0
0,252,4,False,False,True,0,1,0,0,0.0,0.857143,0.142857
0,253,0,False,False,True,1,0,0,0,0.0,1.0,0.0
0,254,8,False,False,True,0,0,0,1,0.0,1.0,0.0
0,255,0,False,False,True,1,0,0,0,0.0,1.0,0.0
0,256,7,False,False,True,0,0,1,0,0.0,1.0,0.0
0,257,4,False,False,True,0,1,0,0,0.0,0.857143,0.142857
0,258,7,False,False,True,0,0,1,0,0.0,1.0,0.0
0,259,2,False,False,True,0,1,0,0,0.0,1.0,0.0
0,260,1,False,False,True,0,1,0,0,0.0,1.0,0.0
0,261,4,False,False,True,0,1,0,0,0.0,0.75,0.25
0,262,0,False,False,True,1,0,0,0,0.0,1.0,0.0
0,263,4,False,False,True,0,1,0,0,0.333333,0.0,0.666667
0,264,1,False,False,True,0,1,0,0,0.0,1.0,0.0
0,265,2,False,False,True,0,1,0,0,0.0,1.0,0.0
0,266,7,False,False,True,0,0,1,0,0.0,1.0,0.0
0,267,6,False,False,True,0,0,1,0,0.0,1.0,0.0
0,268,7,False,False,True,0,0,1,0,0.0,1.0,0.0
0,269,6,False,False,True,0,0,1,0,0.0,0.0,0.0
0,270,1,False,False,True,0,1,0,0,0.0,1.0,0.0
0,271,2,False,False,True,0,1,0,0,0.0,0.0,0.0
0,272,0,False,False,True,1,0,0,0,0.0,1.0,0.0
0,273,2,False,False,True,0,1,0,0,0.0,1.0,0.0
0,274,2,False,False,True,0,1,0,0,0.0,1.0,0.0
0,275,2,False,False,True,0,1,0,0,0.0,1.0,0.0
0,276,2,False,False,True,0,1,0,0,0.0,1.0,0.0
0,277,6,False,False,True,0,0,1,0,0.0,1.0,0.0
0,278,2,False,False,True,0,1,0,0,0.0,1.0,0.0
0,279,6,False,False,True,0,0,1,0,0.0,1.0,0.0
0,280,2,False,False,True,0,1,0,0,0.0,0.0,0.0
0,281,2,False,False,True,0,1,0,0,0.0,0.0,0.0
0,282,6,False,False,True,0,0,1,0,0.0,1.0,0.0
0,283,4,False,False,True,0,1,0,0,0.333333,0.0,0.666667
0,284,6,False,False,True,0,0,1,0,0.0,1.0,0.0
0,285,4,False,False,True,0,1,0,0,0.333333,0.0,0.666667
0,286,7,False,False,True,0,0,1,0,0.0,1.0,0.0
0,287,4,False,False,True,0,1,0,0,0.333333,0.0,0.666667
0,288,0,False,False,True,1,0,0,0,0.0,1.0,0.0
0,289,4,False,False,True,0,1,0,0,0.0,0.857143,0.142857
0,290,4,False,False,True,0,1,0,0,0.0,0.75,0.25
0,291,7,False,False,True,0,0,1,0,0.0,1.0,0.0
0,292,0,False,False,True,1,0,0,0,0.0,1.0,0.0
0,293,6,False,False,True,0,0,1,0,0.0,1.0,0.0
0,294,7,False,False,True,0,0,1,0,0.0,1.0,0.0
0,295,0,False,False,True,1,0,0,0,0.0,1.0,0.0
0,296,7,False,False,True,0,0,1,0,0.0,1.0,0.0
0,297,0,False,False,True,1,0,0,0,0.0,1.0,0.0
0,298,4,False,False,True,0,1,0,0,0.0,0.857143,0.142857
0,299,1,False,False,True,0,1,0,0,0.0,1.0,0.0
0,300,1,False,False,True,0,1,0,0,0.0,1.0,0.0
0,301,2,False,False,True,0,1,0,0,0.0,1.0,0.0
0,302,4,False,False,True,0,1,0,0,0.0,0.857143,0.142857
0,303,6,False,False,True,0,0,1,0,0.0,1.0,0.0
0,304,7,False,False,True,0,0,1,0,0.0,1.0,0.0
0,305,6,False,False,True,0,0,1,0,0.0,1.0,0.0
0,306,6,False,False,True,0,0,1,0,0.0,1.0,0.0
0,307,7,False,False,True,0,0,1,0,0.0,1.0,0.0
0,308,4,False,False,True,0,1,0,0,0.0,0.75,0.25
0,309,6,False,False,True,0,0,1,0,0.0,1.0,0.0
0,310,4,False,False,True,0,1,0,0,0.0,0.75,0.25
0,311,4,False,False,True,0,1,0,0,0.0,0.857143,0.142857
0,312,7,False,False,True,0,0,1,0,0.0,1.0,0.0
0,313,6,False,False,True,0,0,1,0,0.0,1.0,0.0
0,314,2,False,False,True,0,1,0,0,0.0,1.0,0.0
0,315,7,False,False,True,0,0,1,0,0.0,1.0,0.0
0,316,2,False,False,True,0,1,0,0,0.0,1.0,0.0
0,317,7,False,False,True,0,0,1,0,0.0,1.0,0.0
0,318,7,False,False,True,0,0,1,0,0.0,1.0,0.0
0,319,7,False,False,True,0,0,1,0,0.0,1.0,0.0
0,320,4,False,False,True,0,1,0,0,0.0,1.0,0.0
0,321,4,False,False,True,0,1,0,0,0.0,1.0,0.0
0,322,8,False,False,True,0,0,0,1,0.0,1.0,0.0
0,323,1,False,False,True,0,1,0,0,0.0,1.0,0.0
0,324,4,False,False,True,0,1,0,0,0.0,0.75,0.25
0,325,0,False,False,True,1,0,0,0,0.0,1.0,0.0
0,326,8,False,False,True,0,0,0,1,0.0,1.0,0.0
0,327,4,False,False,True,0,1,0,0,0.0,1.0,0.0
0,328,0,False,False,True,1,0,0,0,0.0,1.0,0.0
0,329,4,False,False,True,0,1,0,0,0.0,1.0,0.0
0,330,1,False,False,True,0,1,0,0,0.0,1.0,0.0
0,331,4,False,False,True,0,1,0,0,0.0,1.0,0.0
0,332,7,False,False,True,0,0,1,0,0.0,1.0,0.0
0,333,0,False,False,True,1,0,0,0,0.0,1.0,0.0
0,334,0,False,False,True,1,0,0,0,0.0,1.0,0.0
0,335,7,False,False,True,0,0,1,0,0.0,1.0,0.0
0,336,0,False,False,True,1,0,0,0,0.0,1.0,0.0
0,337,0,False,False,True,1,0,0,0,0.0,1.0,0.0
0,338,7,False,False,True,0,0,1,0,0.0,1.0,0.0
0,339,0,False,False,True,1,0,0,0,0.0,1.0,0.0
0,340,7,False,False,True,0,0,1,0,0.0,1.0,0.0
0,341,7,False,False,True,0,0,1,0,0.0,1.0,0.0
0,342,7,False,False,True,0,0,1,0,0.0,1.0,0.0
0,343,0,False,False,True,1,0,0,0,0.0,1.0,0.0
0,344,0,False,False,True,1,0,0,0,0.0,1.0,0.0
0,345,0,False,False,True,1,0,0,0,0.0,1.0,0.0
0,346,7,False,False,True,0,0,1,0,0.0,1.0,0.0
0,347,7,False,False,True,0,0,1,0,0.0,1.0,0.0
0,348,0,False,False,True,1,0,0,0,0.0,1.0,0.0
0,349,0,False,False,True,1,0,0,0,0.0,1.0,0.0
0,350,7,False,False,True,0,0,1,0,0.0,1.0,0.0
0,351,7,False,False,True,0,0,1,0,0.0,1.0,0.0
0,352,0,False,False,True,1,0,0,0,0.0,1.0,0.0
0,353,7,False,False,True,0,0,1,0,0.0,1.0,0.0
0,354,6,False,False,True,0,0,1,0,0.0,1.0,0.0
0,355,4,False,False,True,0,1,0,0,0.0,0.857143,0.142857
0,356,0,False,False,True,1,0,0,0,0.0,1.0,0.0
0,357,4,False,False,True,0,1,0,0,0.0,0.75,0.25
0,358,2,False,False,True,0,1,0,0,0.0,1.0,0.0
0,359,8,False,False,True,0,0,0,1,0.0,1.0,0.0
0,360,4,False,False,True,0,1,0,0,0.0,0.75,0.25
0,361,1,False,False,True,0,1,0,0,0.0,1.0,0.0
0,362,7,False,False,True,0,0,1,0,0.0,1.0,0.0
0,363,0,False,False,True,1,0,0,0,0.0,1.0,0.0
0,364,4,False,False,True,0,1,0,0,0.0,0.0,1.0
0,365,2,False,False,True,0,1,0,0,0.0,1.0,0.0
0,366,1,False,False,True,0,1,0,0,0.0,1.0,0.0
0,367,7,False,False,True,0,0,1,0,0.0,1.0,0.0
0,368,7,False,False,True,0,0,1,0,0.0,1.0,0.0
0,369,8,False,False,True,0,0,0,1,0.0,1.0,0.0
0,370,1,False,False,True,0,1,0,0,0.0,1.0,0.0
0,371,0,False,False,True,1,0,0,0,0.0,1.0,0.0
0,372,8,False,False,True,0,0,0,1,0.0,0.857143,0.142857
0,373,4,False,False,True,0,1,0,0,0.0,1.0,0.0
0,374,8,False,False,True,0,0,0,1,0.333333,0.0,0.666667
0,375,4,False,False,True,0,1,0,0,0.0,1.0,0.0
0,376,4,False,False,True,0,1,0,0,0.0,0.75,0.25
0,377,4,False,False,True,0,1,0,0,0.0,0.0,0.0
0,378,4,False,False,True,0,1,0,0,0.0,0.0,0.0
0,379,8,False,False,True,0,0,0,1,0.0,1.0,0.0
0,380,8,False,False,True,0,0,0,1,0.0,1.0,0.0
0,381,4,False,False,True,0,1,0,0,0.0,0.0,0.0
0,382,4,False,False,True,0,1,0,0,0.0,0.0,0.0
0,383,4,False,False,True,0,1,0,0,0.0,0.0,0.0
0,384,8,False,False,True,0,0,0,1,0.0,1.0,0.0
0,385,8,False,False,True,0,0,0,1,0.0,1.0,0.0
0,386,8,False,False,True,0,0,0,1,0.0,1.0,0.0
0,387,8,False,False,True,0,0,0,1,0.0,1.0,0.0
0,388,4,False,False,True,0,1,0,0,0.0,0.0,0.0
0,389,8,False,False,True,0,0,0,1,0.0,1.0,0.0
0,390,8,False,False,True,0,0,0,1,0.0,1.0,0.0
0,391,4,False,False,True,0,1,0,0,0.0,1.0,0.0
0,392,4,False,False,True,0,1,0,0,0.0,1.0,0.0
0,393,4,False,False,True,0,1,0,0,0.0,1.0,0.0
0,394,4,False,False,True,0,1,0,0,0.0,1.0,0.0
0,395,4,False,False,True,0,1,0,0,0.0,1.0,0.0
0,396,4,False,False,True,0,1,0,0,0.0,1.0,0.0
0,397,4,False,False,True,0,1,0,0,0.0,1.0,0.0
0,398,4,False,False,True,0,1,0,0,0.0,1.0,0.0
0,399,4,False,False,True,0,1,0,0,0.0,1.0,0.0
0,400,4,False,False,True,0,1,0,0,0.0,1.0,0.0
0,401,8,False,False,True,0,0,0,1,0.0,1.0,0.0
0,402,8,False,False,True,0,0,0,1,0.0,1.0,0.0
0,403,4,False,False,True,0,1,0,0,0.0,1.0,0.0
0,404,8,False,False,True,0,0,0,1,0.0,1.0,0.0
0,405,8,False,False,True,0,0,0,1,0.0,1.0,0.0
0,406,4,False,False,True,0,1,0,0,0.0,1.0,0.0
0,407,4,False,False,True,0,1,0,0,0.0,1.0,0.0
0,408,4,False,False,True,0,1,0,0,0.0,1.0,0.0
0,409,4,False,False,True,0,1,0,0,0.0,1.0,0.0
0,410,8,False,False,True,0,0,0,1,0.0,1.0,0.0
0,411,8,False,False,True,0,0,0,1,0.333333,0.0,0.666667
0,412,4,False,False,True,0,1,0,0,0.0,1.0,0.0
0,413,4,False,False,True,0,1,0,0,0.0,1.0,0.0
0,414,4,False,False,True,0,1,0,0,0.0,1.0,0.0
0,415,4,False,False,True,0,1,0,0,0.0,1.0,0.0
0,416,4,False,False,True,0,1,0,0,0.0,1.0,0.0
0,417,4,False,False,True,0,1,0,0,0.0,0.857143,0.142857
0,418,4,False,False,True,0,1,0,0,0.0,1.0,0.0
0,419,4,False,False,True,0,1,0,0,0.0,0.857143,0.142857
0,420,4,False,False,True,0,1,0,0,0.0,1.0,0.0
0,421,4,False,False,True,0,1,0,0,0.0,1.0,0.0
0,422,4,False,False,True,0,1,0,0,0.0,1.0,0.0
0,423,8,False,False,True,0,0,0,1,0.0,0.857143,0.142857
0,424,8,False,False,True,0,0,0,1,0.0,1.0,0.0
0,425,8,False,False,True,0,0,0,1,0.0,0.75,0.25
0,426,8,False,False,True,0,0,0,1,0.0,1.0,0.0
0,427,4,False,False,True,0,1,0,0,0.0,1.0,0.0
0,428,4,False,False,True,0,1,0,0,0.0,0.0,0.0
0,429,4,False,False,True,0,1,0,0,0.0,0.75,0.25
0,430,8,False,False,True,0,0,0,1,0.0,1.0,0.0
0,431,8,False,False,True,0,0,0,1,0.0,1.0,0.0
0,432,8,False,False,True,0,0,0,1,0.0,0.857143,0.142857
0,433,8,False,False,True,0,0,0,1,0.333333,0.0,0.666667
0,434,8,False,False,True,0,0,0,1,0.0,1.0,0.0
0,435,4,False,False,True,0,1,0,0,0.0,1.0,0.0
0,436,8,False,False,True,0,0,0,1,0.0,1.0,0.0
0,437,8,False,False,True,0,0,0,1,0.333333,0.0,0.666667
0,438,4,False,False,True,0,1,0,0,0.0,0.75,0.25
0,439,4,False,False,True,0,1,0,0,0.0,1.0,0.0
0,440,4,False,False,True,0,1,0,0,0.0,1.0,0.0
0,441,4,False,False,True,0,1,0,0,0.0,1.0,0.0
0,442,8,False,False,True,0,0,0,1,0.333333,0.0,0.666667
0,443,6,False,False,True,0,0,1,0,0.0,1.0,0.0
0,444,6,False,False,True,0,0,1,0,0.0,1.0,0.0
0,445,6,False,False,True,0,0,1,0,0.0,1.0,0.0
0,446,6,False,False,True,0,0,1,0,0.0,1.0,0.0
0,447,6,False,False,True,0,0,1,0,0.0,1.0,0.0
0,448,6,False,False,True,0,0,1,0,0.0,1.0,0.0
0,449,6,False,False,True,0,0,1,0,0.0,1.0,0.0
0,450,6,False,False,True,0,0,1,0,0.0,1.0,0.0
0,451,7,False,False,True,0,0,1,0,0.0,1.0,0.0
0,452,4,False,False,True,0,1,0,0,0.0,1.0,0.0
0,453,4,False,False,True,0,1,0,0,0.0,1.0,0.0
0,454,4,False,False,True,0,1,0,0,0.0,1.0,0.0
0,455,8,False,False,True,0,0,0,1,0.0,1.0,0.0
0,456,4,False,False,True,0,1,0,0,0.0,1.0,0.0
0,457,4,False,False,True,0,1,0,0,0.0,1.0,0.0
0,458,4,False,False,True,0,1,0,0,0.0,1.0,0.0
0,459,8,False,False,True,0,0,0,1,0.0,1.0,0.0
0,460,8,False,False,True,0,0,0,1,0.333333,0.0,0.666667
0,461,4,False,False,True,0,1,0,0,0.0,0.0,0.0
0,462,4,False,False,True,0,1,0,0,0.0,0.0,0.0
0,463,8,False,False,True,0,0,0,1,0.0,1.0,0.0
0,464,8,False,False,True,0,0,0,1,0.0,1.0,0.0
0,465,8,False,False,True,0,0,0,1,0.0,1.0,0.0
0,466,8,False,False,True,0,0,0,1,0.0,1.0,0.0
0,467,8,False,False,True,0,0,0,1,0.0,1.0,0.0
0,468,7,False,False,True,0,0,1,0,0.0,1.0,0.0
0,469,7,False,False,True,0,0,1,0,0.0,1.0,0.0
0,470,4,False,False,True,0,1,0,0,0.0,1.0,0.0
0,471,4,False,False,True,0,1,0,0,0.0,0.0,1.0
0,472,8,False,False,True,0,0,0,1,0.0,1.0,0.0
0,473,8,False,False,True,0,0,0,1,0.0,1.0,0.0
0,474,8,False,False,True,0,0,0,1,0.0,1.0,0.0
0,475,8,False,False,True,0,0,0,1,0.0,1.0,0.0
0,476,4,False,False,True,0,1,0,0,0.0,1.0,0.0
0,477,8,False,False,True,0,0,0,1,0.0,1.0,0.0
0,478,8,False,False,True,0,0,0,1,0.0,1.0,0.0
0,479,4,False,False,True,0,1,0,0,0.0,1.0,0.0
0,480,7,False,False,True,0,0,1,0,0.0,1.0,0.0
0,481,7,False,False,True,0,0,1,0,0.0,1.0,0.0
0,482,7,False,False,True,0,0,1,0,0.0,1.0,0.0
0,483,7,False,False,True,0,0,1,0,0.0,1.0,0.0
0,484,4,False,False,True,0,1,0,0,0.0,0.0,1.0
0,485,7,False,False,True,0,0,1,0,0.0,1.0,0.0
0,486,4,False,False,True,0,1,0,0,0.0,1.0,0.0
0,487,6,False,False,True,0,0,1,0,0.0,1.0,0.0
0,488,7,False,False,True,0,0,1,0,0.0,1.0,0.0
0,489,4,False,False,True,0,1,0,0,0.0,1.0,0.0
0,490,7,False,False,True,0,0,1,0,0.0,1.0,0.0
0,491,8,False,False,True,0,0,0,1,0.0,1.0,0.0
0,492,8,False,False,True,0,0,0,1,0.0,1.0,0.0
0,493,4,False,False,True,0,1,0,0,0.0,0.0,1.0
0,494,4,False,False,True,0,1,0,0,1.0,0.0,0.0
0,495,4,False,False,True,0,1,0,0,0.0,0.0,1.0
0,496,4,False,False,True,0,1,0,0,0.0,1.0,0.0
0,497,4,False,False,True,0,1,0,0,0.0,0.0,1.0
0,498,7,False,False,True,0,0,1,0,0.0,1.0,0.0
0,499,4,False,False,True,0,1,0,0,0.0,1.0,0.0
0,500,4,False,False,True,0,1,0,0,1.0,0.0,0.0
0,501,4,False,False,True,0,1,0,0,0.0,1.0,0.0
0,502,7,False,False,True,0,0,1,0,0.0,1.0,0.0
0,503,4,False,False,True,0,1,0,0,0.0,1.0,0.0
0,504,4,False,False,True,0,1,0,0,0.0,1.0,0.0
0,505,7,False,False,True,0,0,1,0,0.0,1.0,0.0
0,506,4,False,False,True,0,1,0,0,1.0,0.0,0.0
0,507,6,False,False,True,0,0,1,0,0.0,1.0,0.0
0,508,8,False,False,True,0,0,0,1,0.0,1.0,0.0
0,509,7,False,False,True,0,0,1,0,0.0,1.0,0.0
0,510,7,False,False,True,0,0,1,0,0.0,1.0,0.0
0,511,7,False,False,True,0,0,1,0,0.0,1.0,0.0
0,512,4,False,False,True,0,1,0,0,0.0,0.0,1.0
0,513,4,False,False,True,0,1,0,0,0.0,1.0,0.0
0,514,7,False,False,True,0,0,1,0,0.0,1.0,0.0
0,515,4,False,False,True,0,1,0,0,0.0,0.0,1.0
0,516,8,False,False,True,0,0,0,1,0.0,1.0,0.0
0,517,4,False,False,True,0,1,0,0,1.0,0.0,0.0
0,518,8,False,False,True,0,0,0,1,0.0,1.0,0.0
0,519,6,False,False,True,0,0,1,0,0.0,1.0,0.0
0,520,7,False,False,True,0,0,1,0,0.0,1.0,0.0
0,521,6,False,False,True,0,0,1,0,0.0,1.0,0.0
0,522,8,False,False,True,0,0,0,1,0.0,1.0,0.0
0,523,4,False,False,True,0,1,0,0,0.0,0.75,0.25
0,524,8,False,False,True,0,0,0,1,0.0,0.857143,0.142857
0,525,8,False,False,True,0,0,0,1,0.0,1.0,0.0
0,526,8,False,False,True,0,0,0,1,0.0,1.0,0.0
0,527,8,False,False,True,0,0,0,1,0.0,1.0,0.0
0,528,8,False,False,True,0,0,0,1,0.0,1.0,0.0
0,529,8,False,False,True,0,0,0,1,0.0,1.0,0.0
0,530,8,False,False,True,0,0,0,1,0.0,1.0,0.0
0,531,8,False,False,True,0,0,0,1,0.0,0.75,0.25
0,532,8,False,False,True,0,0,0,1,0.0,0.75,0.25
0,533,8,False,False,True,0,0,0,1,0.0,1.0,0.0
0,534,8,False,False,True,0,0,0,1,0.0,1.0,0.0
0,535,4,False,False,True,0,1,0,0,0.0,1.0,0.0
0,536,8,False,False,True,0,0,0,1,0.0,1.0,0.0
0,537,8,False,False,True,0,0,0,1,0.0,1.0,0.0
0,538,8,False,False,True,0,0,0,1,0.0,1.0,0.0
0,539,8,False,False,True,0,0,0,1,0.0,1.0,0.0
0,540,8,False,False,True,0,0,0,1,0.0,0.857143,0.142857
0,541,8,False,False,True,0,0,0,1,0.0,1.0,0.0
0,542,4,False,False,True,0,1,0,0,0.0,1.0,0.0
0,543,8,False,False,True,0,0,0,1,0.0,1.0,0.0
0,544,4,False,False,True,0,1,0,0,0.0,1.0,0.0
0,545,8,False,False,True,0,0,0,1,0.0,1.0,0.0
0,546,8,False,False,True,0,0,0,1,0.0,1.0,0.0
0,547,8,False,False,True,0,0,0,1,0.0,1.0,0.0
0,548,8,False,False,True,0,0,0,1,0.0,1.0,0.0
0,549,8,False,False,True,0,0,0,1,0.0,1.0,0.0
0,550,8,False,False,True,0,0,0,1,0.0,1.0,0.0
0,551,8,False,False,True,0,0,0,1,0.0,1.0,0.0
0,552,8,False,False,True,0,0,0,1,0.0,1.0,0.0
0,553,8,False,False,True,0,0,0,1,0.0,1.0,0.0
0,554,8,False,False,True,0,0,0,1,0.0,1.0,0.0
0,555,8,False,False,True,0,0,0,1,0.0,0.75,0.25
0,556,8,False,False,True,0,0,0,1,0.0,1.0,0.0
0,557,8,False,False,True,0,0,0,1,0.0,1.0,0.0
0,558,8,False,False,True,0,0,0,1,0.0,1.0,0.0
0,559,8,False,False,True,0,0,0,1,0.0,1.0,0.0
0,560,8,False,False,True,0,0,0,1,0.0,1.0,0.0
0,561,8,False,False,True,0,0,0,1,0.0,1.0,0.0
0,562,8,False,False,True,0,0,0,1,0.0,1.0,0.0
0,563,8,False,False,True,0,0,0,1,0.0,1.0,0.0
0,564,8,False,False,True,0,0,0,1,0.0,1.0,0.0
0,565,8,False,False,True,0,0,0,1,0.0,1.0,0.0
0,566,8,False,False,True,0,0,0,1,0.0,1.0,0.0
0,567,8,False,False,True,0,0,0,1,0.0,1.0,0.0
0,568,8,False,False,True,0,0,0,1,0.0,1.0,0.0
0,569,8,False,False,True,0,0,0,1,0.0,1.0,0.0
0,570,8,False,False,True,0,0,0,1,0.0,1.0,0.0
0,571,8,False,False,True,0,0,0,1,0.0,1.0,0.0
0,572,8,False,False,True,0,0,0,1,0.0,1.0,0.0
0,573,8,False,False,True,0,0,0,1,0.0,1.0,0.0
0,574,8,False,False,True,0,0,0,1,0.0,1.0,0.0
0,575,8,False,False,True,0,0,0,1,0.0,1.0,0.0
0,576,8,False,False,True,0,0,0,1,0.0,1.0,0.0
0,577,8,False,False,True,0,0,0,1,0.0,1.0,0.0
0,578,8,False,False,True,0,0,0,1,0.0,1.0,0.0
0,579,8,False,False,True,0,0,0,1,0.0,1.0,0.0
0,580,4,False,False,True,0,1,0,0,0.0,0.0,1.0
0,581,4,False,False,True,0,1,0,0,0.0,0.0,1.0
0,582,6,False,False,True,0,0,1,0,0.0,1.0,0.0
0,583,4,False,False,True,0,1,0,0,0.0,0.0,1.0
0,584,4,False,False,True,0,1,0,0,0.0,0.0,1.0
0,585,4,False,False,True,0,1,0,0,0.0,0.0,1.0
0,586,4,False,False,True,0,1,0,0,0.0,0.0,1.0
0,587,4,False,False,True,0,1,0,0,0.0,0.0,1.0
0,588,4,False,False,True,0,1,0,0,0.0,0.0,1.0
0,589,4,False,False,True,0,1,0,0,0.0,0.0,1.0
0,590,4,False,False,True,0,1,0,0,0.0,0.0,1.0
0,591,4,False,False,True,0,1,0,0,0.0,0.0,1.0
0,592,4,False,False,True,0,1,0,0,0.0,0.0,1.0
0,593,4,False,False,True,0,1,0,0,0.0,0.0,1.0
0,594,4,False,False,True,0,1,0,0,0.0,0.0,1.0
0,595,4,False,False,True,0,1,0,0,0.0,0.0,1.0
0,596,4,False,False,True,0,1,0,0,0.0,0.0,1.0
0,597,4,False,False,True,0,1,0,0,0.0,0.0,1.0
0,598,4,False,False,True,0,1,0,0,0.0,0.0,1.0
0,599,4,False,False,True,0,1,0,0,0.0,0.0,1.0
0,600,4,False,False,True,0,1,0,0,0.0,0.0,1.0
0,601,4,False,False,True,0,1,0,0,0.0,0.0,1.0
0,602,6,False,False,True,0,0,1,0,0.0,1.0,0.0
0,603,8,False,False,True,0,0,0,1,0.0,1.0,0.0
0,604,6,False,False,True,0,0,1,0,0.0,1.0,0.0
0,605,7,False,False,True,0,0,1,0,0.0,1.0,0.0
0,606,4,False,False,True,0,1,0,0,0.0,0.0,1.0
0,607,4,False,False,True,0,1,0,0,0.0,1.0,0.0
0,608,6,False,False,True,0,0,1,0,0.0,1.0,0.0
0,609,6,False,False,True,0,0,1,0,0.0,1.0,0.0
0,610,4,False,False,True,0,1,0,0,0.0,1.0,0.0
0,611,7,False,False,True,0,0,1,0,0.0,1.0,0.0
0,612,6,False,False,True,0,0,1,0,0.0,1.0,0.0
0,613,7,False,False,True,0,0,1,0,0.0,1.0,0.0
0,614,4,False,False,True,0,1,0,0,0.0,1.0,0.0
0,615,8,False,False,True,0,0,0,1,0.0,1.0,0.0
0,616,7,False,False,True,0,0,1,0,0.0,1.0,0.0
0,617,6,False,False,True,0,0,1,0,0.0,1.0,0.0
0,618,7,False,False,True,0,0,1,0,0.0,1.0,0.0
0,619,4,False,False,True,0,1,0,0,0.0,1.0,0.0
0,620,6,False,False,True,0,0,1,0,0.0,1.0,0.0
0,621,7,False,False,True,0,0,1,0,0.0,1.0,0.0
0,622,4,False,False,True,0,1,0,0,0.0,1.0,0.0
0,623,8,False,False,True,0,0,0,1,0.0,1.0,0.0
0,624,8,False,False,True,0,0,0,1,0.0,0.75,0.25
0,625,8,False,False,True,0,0,0,1,0.0,1.0,0.0
0,626,8,False,False,True,0,0,0,1,0.0,1.0,0.0
0,627,8,False,False,True,0,0,0,1,0.0,1.0,0.0
0,628,8,False,False,True,0,0,0,1,0.0,1.0,0.0
0,629,8,False,False,True,0,0,0,1,0.0,1.0,0.0
0,630,4,False,False,True,0,1,0,0,0.0,1.0,0.0
0,631,4,False,False,True,0,1,0,0,0.0,1.0,0.0
0,632,4,False,False,True,0,1,0,0,0.0,1.0,0.0
0,633,4,False,False,True,0,1,0,0,0.0,1.0,0.0
0,634,8,False,False,True,0,0,0,1,0.0,1.0,0.0
0,635,4,False,False,True,0,1,0,0,0.0,1.0,0.0
0,636,8,False,False,True,0,0,0,1,0.0,1.0,0.0
0,637,4,False,False,True,0,1,0,0,0.0,1.0,0.0
0,638,4,False,False,True,0,1,0,0,0.0,0.0,1.0
0,639,4,False,False,True,0,1,0,0,0.0,1.0,0.0
0,640,4,False,False,True,0,1,0,0,0.0,1.0,0.0
0,641,8,False,False,True,0,0,0,1,0.0,1.0,0.0
0,642,4,False,False,True,0,1,0,0,0.0,1.0,0.0
0,643,4,False,False,True,0,1,0,0,0.0,1.0,0.0
0,644,4,False,False,True,0,1,0,0,0.0,1.0,0.0
0,645,4,False,False,True,0,1,0,0,0.0,1.0,0.0
0,646,4,False,False,True,0,1,0,0,0.0,1.0,0.0
0,647,4,False,False,True,0,1,0,0,0.0,1.0,0.0
0,648,4,False,False,True,0,1,0,0,0.0,1.0,0.0
0,649,4,False,False,True,0,1,0,0,0.0,1.0,0.0
0,650,4,False,False,True,0,1,0,0,0.0,1.0,0.0
0,651,4,False,False,True,0,1,0,0,0.0,1.0,0.0
0,652,4,False,False,True,0,1,0,0,0.0,1.0,0.0
0,653,4,False,False,True,0,1,0,0,0.0,1.0,0.0
0,654,4,False,False,True,0,1,0,0,0.0,1.0,0.0
0,655,4,False,False,True,0,1,0,0,0.0,1.0,0.0
0,656,4,False,False,True,0,1,0,0,0.0,1.0,0.0
0,657,4,False,False,True,0,1,0,0,0.0,1.0,0.0
0,658,4,False,False,True,0,1,0,0,0.0,1.0,0.0
0,659,4,False,False,True,0,1,0,0,0.0,1.0,0.0
0,660,4,False,False,True,0,1,0,0,0.0,1.0,0.0
0,661,4,False,False,True,0,1,0,0,0.0,1.0,0.0
0,662,7,False,False,True,0,0,1,0,0.0,1.0,0.0
0,663,4,False,False,True,0,1,0,0,0.0,1.0,0.0
0,664,4,False,False,True,0,1,0,0,0.0,1.0,0.0
0,665,7,False,False,True,0,0,1,0,0.0,1.0,0.0
0,666,4,False,False,True,0,1,0,0,0.0,1.0,0.0
0,667,7,False,False,True,0,0,1,0,0.0,1.0,0.0
0,668,7,False,False,True,0,0,1,0,0.0,1.0,0.0
0,669,4,False,False,True,0,1,0,0,0.0,1.0,0.0
0,670,7,False,False,True,0,0,1,0,0.0,1.0,0.0
0,671,7,False,False,True,0,0,1,0,0.0,1.0,0.0
0,672,7,False,False,True,0,0,1,0,0.0,1.0,0.0
0,673,7,False,False,True,0,0,1,0,0.0,1.0,0.0
0,674,4,False,False,True,0,1,0,0,0.0,1.0,0.0
0,675,7,False,False,True,0,0,1,0,0.0,1.0,0.0
0,676,7,False,False,True,0,0,1,0,0.0,1.0,0.0
0,677,7,False,False,True,0,0,1,0,0.0,1.0,0.0
0,678,4,False,False,True,0,1,0,0,0.0,1.0,0.0
0,679,4,False,False,True,0,1,0,0,0.0,1.0,0.0
0,680,4,False,False,True,0,1,0,0,0.0,1.0,0.0
0,681,8,False,False,True,0,0,0,1,0.0,1.0,0.0
0,682,8,False,False,True,0,0,0,1,0.0,1.0,0.0
0,683,8,False,False,True,0,0,0,1,0.0,1.0,0.0
0,684,8,False,False,True,0,0,0,1,0.0,1.0,0.0
0,685,4,False,False,True,0,1,0,0,0.0,1.0,0.0
0,686,7,False,False,True,0,0,1,0,0.0,1.0,0.0
0,687,7,False,False,True,0,0,1,0,0.0,1.0,0.0
0,688,7,False,False,True,0,0,1,0,0.0,1.0,0.0
0,689,4,False,False,True,0,1,0,0,0.0,1.0,0.0
0,690,4,False,False,True,0,1,0,0,0.0,1.0,0.0
0,691,8,False,False,True,0,0,0,1,0.0,1.0,0.0
0,692,4,False,False,True,0,1,0,0,0.0,1.0,0.0
0,693,8,False,False,True,0,0,0,1,0.0,1.0,0.0
0,694,8,False,False,True,0,0,0,1,0.0,1.0,0.0
0,695,8,False,False,True,0,0,0,1,0.0,1.0,0.0
0,696,8,False,False,True,0,0,0,1,0.0,1.0,0.0
0,697,8,False,False,True,0,0,0,1,0.0,1.0,0.0
0,698,8,False,False,True,0,0,0,1,0.0,1.0,0.0
0,699,8,False,False,True,0,0,0,1,0.0,1.0,0.0
0,700,8,False,False,True,0,0,0,1,0.0,1.0,0.0
0,701,8,False,False,True,0,0,0,1,0.0,1.0,0.0
0,702,4,False,False,True,0,1,0,0,0.0,1.0,0.0
0,703,8,False,False,True,0,0,0,1,0.0,1.0,0.0
0,704,4,False,False,True,0,1,0,0,0.0,1.0,0.0
0,705,4,False,False,True,0,1,0,0,0.0,1.0,0.0
0,706,4,False,False,True,0,1,0,0,0.0,1.0,0.0
0,707,8,False,False,True,0,0,0,1,0.0,1.0,0.0
0,708,4,False,False,True,0,1,0,0,0.0,1.0,0.0
0,709,8,False,False,True,0,0,0,1,0.0,1.0,0.0
0,710,4,False,False,True,0,1,0,0,0.0,0.0,1.0
0,711,8,False,False,True,0,0,0,1,0.0,1.0,0.0
0,712,8,False,False,True,0,0,0,1,0.0,1.0,0.0
0,713,8,False,False,True,0,0,0,1,0.0,1.0,0.0
0,714,8,False,False,True,0,0,0,1,0.0,1.0,0.0
0,715,8,False,False,True,0,0,0,1,1.0,0.0,0.0
0,716,8,False,False,True,0,0,0,1,1.0,0.0,0.0
0,717,8,False,False,True,0,0,0,1,1.0,0.0,0.0
0,718,8,False,False,True,0,0,0,1,1.0,0.0,0.0
0,719,8,False,False,True,0,0,0,1,1.0,0.0,0.0
0,720,8,False,False,True,0,0,0,1,1.0,0.0,0.0
0,721,8,False,False,True,0,0,0,1,1.0,0.0,0.0
0,722,8,False,False,True,0,0,0,1,1.0,0.0,0.0
0,723,8,False,False,True,0,0,0,1,1.0,0.0,0.0
0,724,4,False,False,True,0,1,0,0,0.0,1.0,0.0
0,725,4,False,False,True,0,1,0,0,0.0,1.0,0.0
0,726,4,False,False,True,0,1,0,0,0.0,0.0,1.0
0,727,4,False,False,True,0,1,0,0,0.0,1.0,0.0
0,728,8,False,False,True,0,0,0,1,0.0,1.0,0.0
0,729,4,False,False,True,0,1,0,0,0.0,0.0,1.0
0,730,8,False,False,True,0,0,0,1,0.0,1.0,0.0
0,731,8,False,False,True,0,0,0,1,1.0,0.0,0.0
0,732,4,False,False,True,0,1,0,0,0.0,1.0,0.0
0,733,4,False,False,True,0,1,0,0,0.0,1.0,0.0
0,734,4,False,False,True,0,1,0,0,0.0,1.0,0.0
0,735,4,False,False,True,0,1,0,0,0.0,1.0,0.0
0,736,4,False,False,True,0,1,0,0,0.0,1.0,0.0
0,737,4,False,False,True,0,1,0,0,0.0,1.0,0.0
0,738,8,False,False,True,0,0,0,1,1.0,0.0,0.0
0,739,8,False,False,True,0,0,0,1,1.0,0.0,0.0
0,740,8,False,False,True,0,0,0,1,1.0,0.0,0.0
0,741,8,False,False,True,0,0,0,1,1.0,0.0,0.0
0,742,4,False,False,True,0,1,0,0,0.0,1.0,0.0
0,743,4,False,False,True,0,1,0,0,0.0,1.0,0.0
0,744,4,False,False,True,0,1,0,0,0.0,1.0,0.0
0,745,4,False,False,True,0,1,0,0,0.0,0.0,1.0
0,746,8,False,False,True,0,0,0,1,0.0,1.0,0.0
0,747,8,False,False,True,0,0,0,1,0.0,1.0,0.0
0,748,8,False,False,True,0,0,0,1,0.0,1.0,0.0
0,749,8,False,False,True,0,0,0,1,0.0,1.0,0.0
0,750,8,False,False,True,0,0,0,1,0.0,1.0,0.0
0,751,8,False,False,True,0,0,0,1,0.0,1.0,0.0
0,752,8,False,False,True,0,0,0,1,0.0,1.0,0.0
0,753,8,False,False,True,0,0,0,1,0.0,1.0,0.0
0,754,8,False,False,True,0,0,0,1,0.0,1.0,0.0
0,755,8,False,False,True,0,0,0,1,0.0,1.0,0.0
0,756,4,False,False,True,0,1,0,0,0.0,1.0,0.0
0,757,8,False,False,True,0,0,0,1,0.0,0.0,1.0
0,758,8,False,False,True,0,0,0,1,0.0,1.0,0.0
0,759,8,False,False,True,0,0,0,1,0.0,0.0,1.0
0,760,8,False,False,True,0,0,0,1,0.0,0.0,1.0
0,761,4,False,False,True,0,1,0,0,0.0,1.0,0.0
0,762,8,False,False,True,0,0,0,1,0.0,1.0,0.0
0,763,8,False,False,True,0,0,0,1,0.0,1.0,0.0
0,764,4,False,False,True,0,1,0,0,0.0,0.0,1.0
0,765,8,False,False,True,0,0,0,1,0.0,0.0,1.0
0,766,8,False,False,True,0,0,0,1,0.0,1.0,0.0
0,767,4,False,False,True,0,1,0,0,0.0,1.0,0.0
0,768,4,False,False,True,0,1,0,0,0.0,1.0,0.0
0,769,8,False,False,True,0,0,0,1,0.0,1.0,0.0
0,770,4,False,False,True,0,1,0,0,0.0,0.0,1.0
0,771,4,False,False,True,0,1,0,0,0.0,1.0,0.0
0,772,4,False,False,True,0,1,0,0,0.0,1.0,0.0
0,773,8,False,False,True,0,0,0,1,0.0,0.0,1.0
0,774,4,False,False,True,0,1,0,0,0.0,1.0,0.0
0,775,4,False,False,True,0,1,0,0,0.0,1.0,0.0
0,776,4,False,False,True,0,1,0,0,0.0,0.0,1.0
0,777,8,False,False,True,0,0,0,1,0.0,0.0,1.0
0,778,8,False,False,True,0,0,0,1,0.0,1.0,0.0
0,779,4,False,False,True,0,1,0,0,0.0,1.0,0.0
0,780,4,False,False,True,0,1,0,0,0.0,1.0,0.0
0,781,4,False,False,True,0,1,0,0,0.0,1.0,0.0
0,782,4,False,False,True,0,1,0,0,0.0,0.0,1.0
0,783,4,False,False,True,0,1,0,0,0.0,1.0,0.0
0,784,8,False,False,True,0,0,0,1,0.0,1.0,0.0
0,785,8,False,False,True,0,0,0,1,0.0,0.0,1.0
0,786,4,False,False,True,0,1,0,0,0.0,1.0,0.0
0,787,4,False,False,True,0,1,0,0,0.0,0.0,1.0
0,788,4,False,False,True,0,1,0,0,0.0,1.0,0.0
0,789,8,False,False,True,0,0,0,1,0.0,0.0,1.0
0,790,4,False,False,True,0,1,0,0,0.0,1.0,0.0
0,791,4,False,False,True,0,1,0,0,0.0,0.0,1.0
0,792,8,False,False,True,0,0,0,1,0.0,0.0,1.0
0,793,4,False,False,True,0,1,0,0,0.0,1.0,0.0
0,794,4,False,False,True,0,1,0,0,0.0,1.0,0.0
0,795,8,False,False,True,0,0,0,1,0.0,0.0,1.0
0,796,4,False,False,True,0,1,0,0,0.0,1.0,0.0
0,797,4,False,False,True,0,1,0,0,0.0,0.0,1.0
0,798,8,False,False,True,0,0,0,1,0.0,1.0,0.0
0,799,8,False,False,True,0,0,0,1,0.0,0.0,1.0
0,800,8,False,False,True,0,0,0,1,0.0,1.0,0.0
0,801,8,False,False,True,0,0,0,1,0.0,0.0,1.0
0,802,4,False,False,True,0,1,0,0,0.0,1.0,0.0
0,803,8,False,False,True,0,0,0,1,0.0,0.0,1.0
0,804,4,False,False,True,0,1,0,0,0.0,1.0,0.0
0,805,8,False,False,True,0,0,0,1,0.0,1.0,0.0
0,806,4,False,False,True,0,1,0,0,0.0,1.0,0.0
0,807,8,False,False,True,0,0,0,1,0.0,0.0,1.0
0,808,8,False,False,True,0,0,0,1,0.0,1.0,0.0
0,809,8,False,False,True,0,0,0,1,0.0,1.0,0.0
0,810,8,False,False,True,0,0,0,1,0.0,1.0,0.0
0,811,8,False,False,True,0,0,0,1,0.0,1.0,0.0
0,812,8,False,False,True,0,0,0,1,0.0,1.0,0.0
0,813,8,False,False,True,0,0,0,1,0.0,1.0,0.0
0,814,8,False,False,True,0,0,0,1,0.0,1.0,0.0
0,815,8,False,False,True,0,0,0,1,0.0,1.0,0.0
0,816,8,False,False,True,0,0,0,1,0.0,1.0,0.0
0,817,8,False,False,True,0,0,0,1,0.0,1.0,0.0
0,818,8,False,False,True,0,0,0,1,0.0,1.0,0.0
0,819,8,False,False,True,0,0,0,1,0.0,1.0,0.0
0,820,8,False,False,True,0,0,0,1,0.0,1.0,0.0
0,821,8,False,False,True,0,0,0,1,0.0,1.0,0.0
0,822,8,False,False,True,0,0,0,1,0.0,1.0,0.0
0,823,8,False,False,True,0,0,0,1,0.0,1.0,0.0
0,824,8,False,False,True,0,0,0,1,0.0,1.0,0.0
0,825,8,False,False,True,0,0,0,1,0.0,1.0,0.0
0,826,8,False,False,True,0,0,0,1,0.0,1.0,0.0
0,827,8,False,False,True,0,0,0,1,0.0,1.0,0.0
0,828,8,False,False,True,0,0,0,1,0.0,1.0,0.0
0,829,8,False,False,True,0,0,0,1,0.0,1.0,0.0
0,830,8,False,False,True,0,0,0,1,0.0,1.0,0.0
0,831,8,False,False,True,0,0,0,1,0.0,1.0,0.0
0,832,8,False,False,True,0,0,0,1,0.0,1.0,0.0
0,833,8,False,False,True,0,0,0,1,0.0,1.0,0.0
0,834,8,False,False,True,0,0,0,1,0.0,1.0,0.0
0,835,8,False,False,True,0,0,0,1,0.0,1.0,0.0
0,836,8,False,False,True,0,0,0,1,0.0,1.0,0.0
0,837,8,False,False,True,0,0,0,1,0.0,1.0,0.0
0,838,8,False,False,True,0,0,0,1,0.0,1.0,0.0
0,839,8,False,False,True,0,0,0,1,0.0,1.0,0.0
0,840,8,False,False,True,0,0,0,1,0.0,1.0,0.0
0,841,8,False,False,True,0,0,0,1,0.0,1.0,0.0
0,842,8,False,False,True,0,0,0,1,0.0,1.0,0.0
0,843,8,False,False,True,0,0,0,1,0.0,1.0,0.0
0,844,8,False,False,True,0,0,0,1,0.0,1.0,0.0
0,845,8,False,False,True,0,0,0,1,0.0,1.0,0.0
0,846,8,False,False,True,0,0,0,1,0.0,1.0,0.0
0,847,8,False,False,True,0,0,0,1,0.0,1.0,0.0
0,848,8,False,False,True,0,0,0,1,0.0,1.0,0.0
0,849,8,False,False,True,0,0,0,1,0.0,1.0,0.0
0,850,8,False,False,True,0,0,0,1,0.0,1.0,0.0
0,851,8,False,False,True,0,0,0,1,0.0,1.0,0.0
0,852,8,False,False,True,0,0,0,1,0.0,1.0,0.0
0,853,8,False,False,True,0,0,0,1,0.0,1.0,0.0
0,854,8,False,False,True,0,0,0,1,0.0,1.0,0.0
0,855,8,False,False,True,0,0,0,1,0.0,1.0,0.0
0,856,8,False,False,True,0,0,0,1,0.0,1.0,0.0
0,857,8,False,False,True,0,0,0,1,0.0,1.0,0.0
0,858,8,False,False,True,0,0,0,1,0.0,1.0,0.0
0,859,8,False,False,True,0,0,0,1,0.0,1.0,0.0
0,860,8,False,False,True,0,0,0,1,0.0,1.0,0.0
0,861,8,False,False,True,0,0,0,1,0.0,1.0,0.0
0,862,8,False,False,True,0,0,0,1,0.0,1.0,0.0
0,863,8,False,False,True,0,0,0,1,0.0,1.0,0.0
0,864,8,False,False,True,0,0,0,1,0.0,1.0,0.0
0,865,8,False,False,True,0,0,0,1,0.0,1.0,0.0
0,866,8,False,False,True,0,0,0,1,0.0,1.0,0.0
0,867,8,False,False,True,0,0,0,1,0.0,1.0,0.0
0,868,8,False,False,True,0,0,0,1,0.0,1.0,0.0
0,869,8,False,False,True,0,0,0,1,0.0,1.0,0.0
0,870,8,False,False,True,0,0,0,1,0.0,1.0,0.0
0,871,8,False,False,True,0,0,0,1,0.0,1.0,0.0
0,872,8,False,False,True,0,0,0,1,0.0,1.0,0.0
0,873,8,False,False,True,0,0,0,1,0.0,1.0,0.0
0,874,8,False,False,True,0,0,0,1,0.0,1.0,0.0
0,875,8,False,False,True,0,0,0,1,0.0,1.0,0.0
0,876,8,False,False,True,0,0,0,1,0.0,1.0,0.0
0,877,8,False,False,True,0,0,0,1,0.0,1.0,0.0
0,878,8,False,False,True,0,0,0,1,0.0,1.0,0.0
0,879,8,False,False,True,0,0,0,1,0.0,1.0,0.0
0,880,8,False,False,True,0,0,0,1,0.0,1.0,0.0
0,881,8,False,False,True,0,0,0,1,0.0,1.0,0.0
0,882,8,False,False,True,0,0,0,1,0.0,1.0,0.0
0,883,8,False,False,True,0,0,0,1,0.0,1.0,0.0
0,884,8,False,False,True,0,0,0,1,0.0,1.0,0.0
0,885,8,False,False,True,0,0,0,1,0.0,1.0,0.0
0,886,8,False,False,True,0,0,0,1,0.0,1.0,0.0
0,887,8,False,False,True,0,0,0,1,0.0,1.0,0.0
0,888,8,False,False,True,0,0,0,1,0.0,1.0,0.0
0,889,8,False,False,True,0,0,0,1,0.0,1.0,0.0
0,890,8,False,False,True,0,0,0,1,0.0,1.0,0.0
0,891,8,False,False,True,0,0,0,1,0.0,1.0,0.0
0,892,8,False,False,True,0,0,0,1,0.0,1.0,0.0
0,893,0,False,False,True,1,0,0,0,0.0,1.0,0.0
0,894,8,False,False,True,0,0,0,1,0.0,1.0,0.0
0,895,7,False,False,True,0,0,1,0,0.0,1.0,0.0
0,896,2,False,False,True,0,1,0,0,0.0,1.0,0.0
0,897,7,False,False,True,0,0,1,0,0.0,1.0,0.0
0,898,4,False,False,True,0,1,0,0,0.0,1.0,0.0
0,899,7,False,False,True,0,0,1,0,0.0,1.0,0.0
0,900,1,False,False,True,0,1,0,0,0.0,1.0,0.0
0,901,8,False,False,True,0,0,0,1,0.0,1.0,0.0
0,902,4,False,False,True,0,1,0,0,0.0,1.0,0.0
0,903,0,False,False,True,1,0,0,0,0.0,1.0,0.0
0,904,8,False,False,True,0,0,0,1,0.333333,0.0,0.666667
0,905,8,False,False,True,0,0,0,1,0.0,1.0,0.0
0,906,8,False,False,True,0,0,0,1,0.0,1.0,0.0
0,907,4,False,False,True,0,1,0,0,0.0,1.0,0.0
0,908,4,False,False,True,0,1,0,0,0.0,1.0,0.0
0,909,8,False,False,True,0,0,0,1,0.0,0.0,1.0
0,910,8,False,False,True,0,0,0,1,0.0,1.0,0.0
0,911,4,False,False,True,0,1,0,0,0.0,1.0,0.0
0,912,4,False,False,True,0,1,0,0,0.0,0.0,1.0
0,913,4,False,False,True,0,1,0,0,0.0,1.0,0.0
0,914,4,False,False,True,0,1,0,0,0.0,1.0,0.0
0,915,4,False,False,True,0,1,0,0,0.0,0.0,1.0
0,916,4,False,False,True,0,1,0,0,0.0,1.0,0.0
0,917,8,False,False,True,0,0,0,1,0.0,0.0,1.0
0,918,4,False,False,True,0,1,0,0,0.0,1.0,0.0
0,919,8,False,False,True,0,0,0,1,1.0,0.0,0.0
0,920,4,False,False,True,0,1,0,0,0.0,1.0,0.0
0,921,4,False,False,True,0,1,0,0,0.0,1.0,0.0
0,922,4,False,False,True,0,1,0,0,0.0,1.0,0.0
0,923,8,False,False,True,0,0,0,1,0.0,1.0,0.0
0,924,4,False,False,True,0,1,0,0,0.0,1.0,0.0
0,925,4,False,False,True,0,1,0,0,0.0,1.0,0.0
0,926,8,False,False,True,0,0,0,1,0.0,1.0,0.0
0,927,4,False,False,True,0,1,0,0,0.0,1.0,0.0
0,928,4,False,False,True,0,1,0,0,0.0,1.0,0.0
0,929,4,False,False,True,0,1,0,0,0.0,1.0,0.0
0,930,8,False,False,True,0,0,0,1,0.0,1.0,0.0
0,931,8,False,False,True,0,0,0,1,0.0,1.0,0.0
0,932,4,False,False,True,0,1,0,0,0.0,1.0,0.0
0,933,8,False,False,True,0,0,0,1,1.0,0.0,0.0
0,934,8,False,False,True,0,0,0,1,0.0,1.0,0.0
0,935,4,False,False,True,0,1,0,0,0.0,1.0,0.0
0,936,8,False,False,True,0,0,0,1,0.0,0.0,1.0
0,937,4,False,False,True,0,1,0,0,0.0,1.0,0.0
0,938,4,False,False,True,0,1,0,0,0.0,1.0,0.0
0,939,8,False,False,True,0,0,0,1,0.0,0.0,1.0
0,940,4,False,False,True,0,1,0,0,0.0,1.0,0.0
0,941,4,False,False,True,0,1,0,0,0.0,1.0,0.0
0,942,4,False,False,True,0,1,0,0,0.0,0.0,1.0
0,943,4,False,False,True,0,1,0,0,0.0,1.0,0.0
0,944,4,False,False,True,0,1,0,0,0.0,1.0,0.0
0,945,4,False,False,True,0,1,0,0,0.0,1.0,0.0
0,946,8,False,False,True,0,0,0,1,1.0,0.0,0.0
0,947,4,False,False,True,0,1,0,0,0.0,1.0,0.0
0,948,4,False,False,True,0,1,0,0,0.0,1.0,0.0
0,949,4,False,False,True,0,1,0,0,0.0,0.0,1.0
0,950,8,False,False,True,0,0,0,1,1.0,0.0,0.0
0,951,4,False,False,True,0,1,0,0,0.0,1.0,0.0
0,952,4,False,False,True,0,1,0,0,0.0,0.0,1.0
0,953,4,False,False,True,0,1,0,0,0.0,1.0,0.0
0,954,4,False,False,True,0,1,0,0,0.0,1.0,0.0
0,955,8,False,False,True,0,0,0,1,0.0,0.857143,0.142857
0,956,8,False,False,True,0,0,0,1,0.0,1.0,0.0
0,957,8,False,False,True,0,0,0,1,0.0,1.0,0.0
0,958,2,False,False,True,0,1,0,0,0.0,1.0,0.0
0,959,1,False,False,True,0,1,0,0,0.0,1.0,0.0
0,960,6,False,False,True,0,0,1,0,0.0,0.0,0.0
0,961,2,False,False,True,0,1,0,0,0.0,1.0,0.0
0,962,4,False,False,True,0,1,0,0,0.0,0.75,0.25
0,963,1,False,False,True,0,1,0,0,0.0,1.0,0.0
0,964,1,False,False,True,0,1,0,0,0.0,1.0,0.0
0,965,8,False,False,True,0,0,0,1,0.0,1.0,0.0
0,966,8,False,False,True,0,0,0,1,0.0,1.0,0.0
0,967,8,False,False,True,0,0,0,1,0.0,1.0,0.0
0,968,4,False,False,True,0,1,0,0,0.0,0.75,0.25
0,969,4,False,False,True,0,1,0,0,0.0,0.75,0.25
0,970,4,False,False,True,0,1,0,0,0.0,0.857143,0.142857
0,971,4,False,False,True,0,1,0,0,0.333333,0.0,0.666667
0,972,1,False,False,True,0,1,0,0,0.0,1.0,0.0
0,973,4,False,False,True,0,1,0,0,0.0,0.75,0.25
0,974,4,False,False,True,0,1,0,0,0.0,1.0,0.0
0,975,8,False,False,True,0,0,0,1,0.0,1.0,0.0
0,976,4,False,False,True,0,1,0,0,0.0,0.0,0.0
0,977,4,False,False,True,0,1,0,0,0.0,1.0,0.0
0,978,8,False,False,True,0,0,0,1,0.0,1.0,0.0
0,979,6,False,False,True,0,0,1,0,0.0,1.0,0.0
0,980,2,False,False,True,0,1,0,0,0.0,1.0,0.0
0,981,4,False,False,True,0,1,0,0,0.333333,0.0,0.666667
0,982,8,False,False,True,0,0,0,1,0.0,1.0,0.0
0,983,8,False,False,True,0,0,0,1,0.0,1.0,0.0
0,984,8,False,False,True,0,0,0,1,0.0,1.0,0.0
0,985,8,False,False,True,0,0,0,1,0.0,0.75,0.25
0,986,8,False,False,True,0,0,0,1,0.0,1.0,0.0
0,987,4,False,False,True,0,1,0,0,0.0,0.0,0.0
0,988,4,False,False,True,0,1,0,0,0.0,1.0,0.0
0,989,4,False,False,True,0,1,0,0,0.0,0.75,0.25
0,990,4,False,False,True,0,1,0,0,0.0,1.0,0.0
0,991,8,False,False,True,0,0,0,1,0.0,1.0,0.0
0,992,1,False,False,True,0,1,0,0,0.0,1.0,0.0
0,993,6,False,False,True,0,0,1,0,0.0,0.0,0.0
0,994,0,False,False,True,1,0,0,0,0.0,1.0,0.0
0,995,2,False,False,True,0,1,0,0,0.0,0.0,0.0
0,996,1,False,False,True,0,1,0,0,0.0,1.0,0.0
0,997,0,False,False,True,1,0,0,0,0.0,1.0,0.0
0,998,2,False,False,True,0,1,0,0,0.0,1.0,0.0
0,999,4,False,False,True,0,1,0,0,0.0,0.857143,0.142857
0,1000,4,False,False,True,0,1,0,0,0.0,0.75,0.25
0,1001,4,False,False,True,0,1,0,0,0.0,1.0,0.0
0,1002,8,False,False,True,0,0,0,1,0.0,1.0,0.0
0,1003,7,False,False,True,0,0,1,0,0.0,1.0,0.0
0,1004,1,False,False,True,0,1,0,0,0.0,1.0,0.0
0,1005,0,False,False,True,1,0,0,0,0.0,1.0,0.0
0,1006,8,False,False,True,0,0,0,1,0.0,1.0,0.0
0,1007,4,False,False,True,0,1,0,0,0.0,1.0,0.0
0,1008,4,False,False,True,0,1,0,0,0.0,0.75,0.25
0,1009,4,False,False,True,0,1,0,0,0.0,1.0,0.0
0,1010,8,False,False,True,0,0,0,1,0.0,1.0,0.0
0,1011,4,False,False,True,0,1,0,0,0.333333,0.0,0.666667
0,1012,7,False,False,True,0,0,1,0,0.0,1.0,0.0
0,1013,8,False,False,True,0,0,0,1,0.0,1.0,0.0
0,1014,0,False,False,True,1,0,0,0,0.0,1.0,0.0
0,1015,2,False,False,True,0,1,0,0,0.0,1.0,0.0
0,1016,6,False,False,True,0,0,1,0,0.0,1.0,0.0
0,1017,2,False,False,True,0,1,0,0,0.0,1.0,0.0
0,1018,4,False,False,True,0,1,0,0,0.0,0.857143,0.142857
0,1019,0,False,False,True,1,0,0,0,0.0,1.0,0.0
0,1020,7,False,False,True,0,0,1,0,0.0,1.0,0.0
0,1021,4,False,False,True,0,1,0,0,0.0,0.75,0.25
0,1022,0,False,False,True,1,0,0,0,0.0,1.0,0.0
0,1023,2,False,False,True,0,1,0,0,0.0,1.0,0.0
0,1024,2,False,False,True,0,1,0,0,0.0,1.0,0.0
0,1025,4,False,False,True,0,1,0,0,0.0,0.75,0.25
0,1026,2,False,False,True,0,1,0,0,0.0,0.0,0.0
0,1027,6,False,False,True,0,0,1,0,0.0,1.0,0.0
0,1028,7,False,False,True,0,0,1,0,0.0,1.0,0.0
0,1029,4,False,False,True,0,1,0,0,0.0,1.0,0.0
0,1030,4,False,False,True,0,1,0,0,0.0,1.0,0.0
0,1031,4,False,False,True,0,1,0,0,0.0,1.0,0.0
0,1032,7,False,False,True,0,0,1,0,0.0,1.0,0.0
0,1033,7,False,False,True,0,0,1,0,0.0,1.0,0.0
0,1034,7,False,False,True,0,0,1,0,0.0,1.0,0.0
0,1035,4,False,False,True,0,1,0,0,0.0,1.0,0.0
0,1036,4,False,False,True,0,1,0,0,0.0,0.0,1.0
0,1037,4,False,False,True,0,1,0,0,0.0,1.0,0.0
0,1038,4,False,False,True,0,1,0,0,0.0,1.0,0.0
0,1039,7,False,False,True,0,0,1,0,0.0,1.0,0.0
0,1040,7,False,False,True,0,0,1,0,0.0,1.0,0.0
0,1041,4,False,False,True,0,1,0,0,0.0,1.0,0.0
0,1042,4,False,False,True,0,1,0,0,0.0,1.0,0.0
0,1043,7,False,False,True,0,0,1,0,0.0,1.0,0.0
0,1044,7,False,False,True,0,0,1,0,0.0,1.0,0.0
0,1045,4,False,False,True,0,1,0,0,0.0,1.0,0.0
0,1046,4,False,False,True,0,1,0,0,0.0,1.0,0.0
0,1047,4,False,False,True,0,1,0,0,0.0,1.0,0.0
0,1048,4,False,False,True,0,1,0,0,0.0,1.0,0.0
0,1049,4,False,False,True,0,1,0,0,0.0,1.0,0.0
0,1050,4,False,False,True,0,1,0,0,0.0,1.0,0.0
0,1051,4,False,False,True,0,1,0,0,0.0,1.0,0.0
0,1052,4,False,False,True,0,1,0,0,1.0,0.0,0.0
0,1053,4,False,False,True,0,1,0,0,1.0,0.0,0.0
0,1054,4,False,False,True,0,1,0,0,0.0,1.0,0.0
0,1055,7,False,False,True,0,0,1,0,0.0,1.0,0.0
0,1056,4,False,False,True,0,1,0,0,1.0,0.0,0.0
0,1057,4,False,False,True,0,1,0,0,0.0,1.0,0.0
0,1058,4,False,False,True,0,1,0,0,1.0,0.0,0.0
0,1059,6,False,False,True,0,0,1,0,0.0,1.0,0.0
0,1060,8,False,False,True,0,0,0,1,0.0,1.0,0.0
0,1061,4,False,False,True,0,1,0,0,1.0,0.0,0.0
0,1062,4,False,False,True,0,1,0,0,1.0,0.0,0.0
0,1063,4,False,False,True,0,1,0,0,1.0,0.0,0.0
0,1064,4,False,False,True,0,1,0,0,0.0,1.0,0.0
0,1065,7,False,False,True,0,0,1,0,0.0,1.0,0.0
0,1066,4,False,False,True,0,1,0,0,1.0,0.0,0.0
0,1067,4,False,False,True,0,1,0,0,1.0,0.0,0.0
0,1068,4,False,False,True,0,1,0,0,1.0,0.0,0.0
0,1069,4,False,False,True,0,1,0,0,0.0,1.0,0.0
0,1070,4,False,False,True,0,1,0,0,1.0,0.0,0.0
0,1071,4,False,False,True,0,1,0,0,1.0,0.0,0.0
0,1072,4,False,False,True,0,1,0,0,1.0,0.0,0.0
0,1073,8,False,False,True,0,0,0,1,0.0,1.0,0.0
0,1074,4,False,False,True,0,1,0,0,0.0,0.857143,0.142857
0,1075,4,False,False,True,0,1,0,0,0.0,1.0,0.0
0,1076,4,False,False,True,0,1,0,0,0.0,1.0,0.0
0,1077,4,False,False,True,0,1,0,0,0.0,1.0,0.0
0,1078,8,False,False,True,0,0,0,1,0.0,1.0,0.0
0,1079,8,False,False,True,0,0,0,1,0.0,1.0,0.0
0,1080,7,False,False,True,0,0,1,0,0.0,1.0,0.0
0,1081,0,False,False,True,1,0,0,0,0.0,1.0,0.0
0,1082,0,False,False,True,1,0,0,0,0.0,1.0,0.0
0,1083,0,False,False,True,1,0,0,0,0.0,1.0,0.0
0,1084,7,False,False,True,0,0,1,0,0.0,1.0,0.0
0,1085,4,False,False,True,0,1,0,0,0.0,0.857143,0.142857
0,1086,4,False,False,True,0,1,0,0,0.0,1.0,0.0
0,1087,8,False,False,True,0,0,0,1,0.0,1.0,0.0
0,1088,4,False,False,True,0,1,0,0,0.0,0.857143,0.142857
0,1089,7,False,False,True,0,0,1,0,0.0,1.0,0.0
0,1090,4,False,False,True,0,1,0,0,0.0,0.857143,0.142857
0,1091,8,False,False,True,0,0,0,1,0.0,1.0,0.0
0,1092,8,False,False,True,0,0,0,1,0.0,1.0,0.0
0,1093,4,False,False,True,0,1,0,0,0.0,1.0,0.0
0,1094,7,False,False,True,0,0,1,0,0.0,1.0,0.0
0,1095,7,False,False,True,0,0,1,0,0.0,1.0,0.0
0,1096,4,False,False,True,0,1,0,0,0.0,1.0,0.0
0,1097,7,False,False,True,0,0,1,0,0.0,1.0,0.0
0,1098,0,False,False,True,1,0,0,0,0.0,1.0,0.0
0,1099,8,False,False,True,0,0,0,1,0.333333,0.0,0.666667
0,1100,4,False,False,True,0,1,0,0,0.0,1.0,0.0
0,1101,8,False,False,True,0,0,0,1,0.0,1.0,0.0
0,1102,8,False,False,True,0,0,0,1,0.0,1.0,0.0
0,1103,4,False,False,True,0,1,0,0,0.0,1.0,0.0
0,1104,8,False,False,True,0,0,0,1,0.0,1.0,0.0
0,1105,8,False,False,True,0,0,0,1,0.0,1.0,0.0
0,1106,8,False,False,True,0,0,0,1,0.0,1.0,0.0
0,1107,8,False,False,True,0,0,0,1,0.0,1.0,0.0
0,1108,8,False,False,True,0,0,0,1,0.0,1.0,0.0
0,1109,8,False,False,True,0,0,0,1,0.0,1.0,0.0
0,1110,8,False,False,True,0,0,0,1,0.0,1.0,0.0
0,1111,4,False,False,True,0,1,0,0,0.0,0.857143,0.142857
0,1112,1,False,False,True,0,1,0,0,0.0,1.0,0.0
0,1113,8,False,False,True,0,0,0,1,0.0,1.0,0.0
0,1114,0,False,False,True,1,0,0,0,0.0,1.0,0.0
0,1115,7,False,False,True,0,0,1,0,0.0,1.0,0.0
0,1116,2,False,False,True,0,1,0,0,0.0,1.0,0.0
0,1117,2,False,False,True,0,1,0,0,0.0,1.0,0.0
0,1118,7,False,False,True,0,0,1,0,0.0,1.0,0.0
0,1119,8,False,False,True,0,0,0,1,0.0,1.0,0.0
0,1120,8,False,False,True,0,0,0,1,0.0,1.0,0.0
0,1121,0,False,False,True,1,0,0,0,0.0,1.0,0.0
0,1122,0,False,False,True,1,0,0,0,0.0,1.0,0.0
0,1123,6,False,False,True,0,0,1,0,0.0,0.0,0.0
0,1124,7,False,False,True,0,0,1,0,0.0,1.0,0.0
0,1125,4,False,False,True,0,1,0,0,0.0,1.0,0.0
0,1126,1,False,False,True,0,1,0,0,0.0,1.0,0.0
0,1127,4,False,False,True,0,1,0,0,0.0,1.0,0.0
0,1128,8,False,False,True,0,0,0,1,0.0,1.0,0.0
0,1129,7,False,False,True,0,0,1,0,0.0,1.0,0.0
0,1130,1,False,False,True,0,1,0,0,0.0,1.0,0.0
0,1131,8,False,False,True,0,0,0,1,0.0,1.0,0.0
0,1132,8,False,False,True,0,0,0,1,0.0,1.0,0.0
0,1133,8,False,False,True,0,0,0,1,0.0,1.0,0.0
0,1134,8,False,False,True,0,0,0,1,0.0,1.0,0.0
0,1135,8,False,False,True,0,0,0,1,0.0,1.0,0.0
0,1136,8,False,False,True,0,0,0,1,0.0,1.0,0.0
0,1137,8,False,False,True,0,0,0,1,0.0,1.0,0.0
0,1138,8,False,False,True,0,0,0,1,0.0,1.0,0.0
0,1139,6,False,False,True,0,0,1,0,0.0,0.0,0.0
0,1140,7,False,False,True,0,0,1,0,0.0,1.0,0.0
0,1141,7,False,False,True,0,0,1,0,0.0,1.0,0.0
0,1142,7,False,False,True,0,0,1,0,0.0,1.0,0.0
0,1143,7,False,False,True,0,0,1,0,0.0,1.0,0.0
0,1144,7,False,False,True,0,0,1,0,0.0,1.0,0.0
0,1145,6,False,False,True,0,0,1,0,0.0,1.0,0.0
0,1146,6,False,False,True,0,0,1,0,0.0,1.0,0.0
0,1147,6,False,False,True,0,0,1,0,0.0,1.0,0.0
0,1148,4,False,False,True,0,1,0,0,0.0,1.0,0.0
0,1149,4,False,False,True,0,1,0,0,0.0,1.0,0.0
0,1150,4,False,False,True,0,1,0,0,0.0,1.0,0.0
0,1151,7,False,False,True,0,0,1,0,0.0,1.0,0.0
0,1152,7,False,False,True,0,0,1,0,0.0,1.0,0.0
0,1153,7,False,False,True,0,0,1,0,0.0,1.0,0.0
0,1154,4,False,False,True,0,1,0,0,0.0,1.0,0.0
0,1155,6,False,False,True,0,0,1,0,0.0,1.0,0.0
0,1156,4,False,False,True,0,1,0,0,0.0,1.0,0.0
0,1157,4,False,False,True,0,1,0,0,0.0,1.0,0.0
0,1158,8,False,False,True,0,0,0,1,0.0,1.0,0.0
0,1159,7,False,False,True,0,0,1,0,0.0,1.0,0.0
0,1160,7,False,False,True,0,0,1,0,0.0,1.0,0.0
0,1161,6,False,False,True,0,0,1,0,0.0,1.0,0.0
0,1162,6,False,False,True,0,0,1,0,0.0,1.0,0.0
0,1163,6,False,False,True,0,0,1,0,0.0,1.0,0.0
0,1164,7,False,False,True,0,0,1,0,0.0,1.0,0.0
0,1165,7,False,False,True,0,0,1,0,0.0,1.0,0.0
0,1166,6,False,False,True,0,0,1,0,0.0,1.0,0.0
0,1167,7,False,False,True,0,0,1,0,0.0,1.0,0.0
0,1168,4,False,False,True,0,1,0,0,0.0,1.0,0.0
0,1169,7,False,False,True,0,0,1,0,0.0,1.0,0.0
0,1170,4,False,False,True,0,1,0,0,0.0,1.0,0.0
0,1171,7,False,False,True,0,0,1,0,0.0,1.0,0.0
0,1172,6,False,False,True,0,0,1,0,0.0,1.0,0.0
0,1173,6,False,False,True,0,0,1,0,0.0,1.0,0.0
0,1174,6,False,False,True,0,0,1,0,0.0,1.0,0.0
0,1175,4,False,False,True,0,1,0,0,0.0,1.0,0.0
0,1176,4,False,False,True,0,1,0,0,0.0,1.0,0.0
0,1177,8,False,False,True,0,0,0,1,0.0,1.0,0.0
0,1178,8,False,False,True,0,0,0,1,0.0,1.0,0.0
0,1179,7,False,False,True,0,0,1,0,0.0,1.0,0.0
0,1180,4,False,False,True,0,1,0,0,0.0,1.0,0.0
0,1181,7,False,False,True,0,0,1,0,0.0,1.0,0.0
0,1182,4,False,False,True,0,1,0,0,0.0,1.0,0.0
0,1183,4,False,False,True,0,1,0,0,0.0,1.0,0.0
0,1184,8,False,False,True,0,0,0,1,0.0,1.0,0.0
0,1185,8,False,False,True,0,0,0,1,0.0,1.0,0.0
0,1186,4,False,False,True,0,1,0,0,0.0,1.0,0.0
0,1187,4,False,False,True,0,1,0,0,0.0,1.0,0.0
0,1188,7,False,False,True,0,0,1,0,0.0,1.0,0.0
0,1189,4,False,False,True,0,1,0,0,0.0,1.0,0.0
0,1190,7,False,False,True,0,0,1,0,0.0,1.0,0.0
0,1191,4,False,False,True,0,1,0,0,0.0,1.0,0.0
0,1192,0,False,False,True,1,0,0,0,0.0,1.0,0.0
0,1193,4,False,False,True,0,1,0,0,0.0,1.0,0.0
0,1194,4,False,False,True,0,1,0,0,0.0,1.0,0.0
0,1195,7,False,False,True,0,0,1,0,0.0,1.0,0.0
0,1196,4,False,False,True,0,1,0,0,0.0,1.0,0.0
0,1197,7,False,False,True,0,0,1,0,0.0,1.0,0.0
0,1198,4,False,False,True,0,1,0,0,0.0,1.0,0.0
0,1199,8,False,False,True,0,0,0,1,0.0,1.0,0.0
0,1200,8,False,False,True,0,0,0,1,0.0,1.0,0.0
0,1201,8,False,False,True,0,0,0,1,0.0,1.0,0.0
0,1202,4,False,False,True,0,1,0,0,0.0,1.0,0.0
0,1203,4,False,False,True,0,1,0,0,0.0,1.0,0.0
0,1204,4,False,False,True,0,1,0,0,0.0,0.75,0.25
0,1205,0,False,False,True,1,0,0,0,0.0,1.0,0.0
0,1206,8,False,False,True,0,0,0,1,0.0,1.0,0.0
0,1207,0,False,False,True,1,0,0,0,0.0,1.0,0.0
0,1208,0,False,False,True,1,0,0,0,0.0,1.0,0.0
0,1209,8,False,False,True,0,0,0,1,0.0,1.0,0.0
0,1210,8,False,False,True,0,0,0,1,0.0,1.0,0.0
0,1211,4,False,False,True,0,1,0,0,0.0,0.75,0.25
0,1212,4,False,False,True,0,1,0,0,0.0,1.0,0.0
0,1213,1,False,False,True,0,1,0,0,0.0,1.0,0.0
0,1214,0,False,False,True,1,0,0,0,0.0,1.0,0.0
0,1215,2,False,False,True,0,1,0,0,0.0,0.0,0.0
0,1216,7,False,False,True,0,0,1,0,0.0,1.0,0.0
0,1217,7,False,False,True,0,0,1,0,0.0,1.0,0.0
0,1218,8,False,False,True,0,0,0,1,0.0,1.0,0.0
0,1219,2,False,False,True,0,1,0,0,0.0,1.0,0.0
0,1220,6,False,False,True,0,0,1,0,0.0,0.0,0.0
0,1221,1,False,False,True,0,1,0,0,0.0,1.0,0.0
0,1222,8,False,False,True,0,0,0,1,0.0,1.0,0.0
0,1223,2,False,False,True,0,1,0,0,0.0,0.0,0.0
0,1224,7,False,False,True,0,0,1,0,0.0,1.0,0.0
0,1225,8,False,False,True,0,0,0,1,0.0,1.0,0.0
0,1226,0,False,False,True,1,0,0,0,0.0,1.0,0.0
0,1227,2,False,False,True,0,1,0,0,0.0,0.0,0.0
0,1228,0,False,False,True,1,0,0,0,0.0,1.0,0.0
0,1229,6,False,False,True,0,0,1,0,0.0,0.0,0.0
0,1230,1,False,False,True,0,1,0,0,0.0,1.0,0.0
0,1231,6,False,False,True,0,0,1,0,0.0,0.0,0.0
0,1232,4,False,False,True,0,1,0,0,0.0,0.75,0.25
0,1233,1,False,False,True,0,1,0,0,0.0,1.0,0.0
0,1234,4,False,False,True,0,1,0,0,0.0,1.0,0.0
0,1235,4,False,False,True,0,1,0,0,0.0,0.857143,0.142857
0,1236,8,False,False,True,0,0,0,1,0.0,1.0,0.0
0,1237,8,False,False,True,0,0,0,1,0.0,1.0,0.0
0,1238,4,False,False,True,0,1,0,0,0.0,1.0,0.0
0,1239,7,False,False,True,0,0,1,0,0.0,1.0,0.0
0,1240,1,False,False,True,0,1,0,0,0.0,1.0,0.0
0,1241,4,False,False,True,0,1,0,0,1.0,0.0,0.0
0,1242,2,False,False,True,0,1,0,0,0.0,0.0,0.0
0,1243,2,False,False,True,0,1,0,0,0.0,1.0,0.0
