node_id,x,y,z
0,41.66378600000001,1.9142129999999995,25.5
1,44.850856500000006,0.49963100000000005,25.499999999999996
2,44.85085649999999,3.262130999999999,25.5
3,41.663786,1.9142129999999997,22.5
4,38.66037088348212,2.029713964876091,25.5
5,41.663786000000016,4.6767129999999995,25.5
6,44.850856500000006,0.49963100000000005,22.500000000000004
7,47.76207149999999,0.4996310000000001,25.5
8,44.8508565,3.262131,22.5
9,47.7620715,3.2621310000000006,25.499999999999996
10,44.84777943423431,6.404665160921265,25.499999999999993
11,41.663786000000016,1.9142130000000002,19.500000000000007
12,41.663786,4.676713,22.5
13,38.660370883482116,2.029713964876089,22.499999999999993
14,35.1379157068759,2.029714151212724,25.500000000000004
15,37.70927250000001,3.275791000000001,25.500000000000004
16,37.7092725,4.561431499999999,25.499999999999996
17,36.89914302924807,6.088049401837002,25.499999999999993
18,44.850856500000006,0.499631,19.499999999999996
19,47.7620715,0.49963099999999994,22.499999999999996
20,44.8508565,3.262131,19.500000000000004
21,44.84777943423433,6.404665160921266,22.5
22,47.76207149999999,3.2621309999999997,22.499999999999993
23,48.3868735,5.8833899999999995,25.499999999999996
24,40.53942395557889,9.880785461242962,25.5
25,43.772001499999995,9.522138499999999,25.5
26,47.335787,10.2771985,25.5
27,48.3868735,7.399236999999999,25.5
28,41.663786,1.9142129999999997,16.499999999999996
29,41.66378600000001,4.676713,19.499999999999996
30,38.66037088348212,2.0297139648760893,19.499999999999996
31,36.89914302924809,6.088049401837004,22.5
32,37.709272500000004,3.275791,22.499999999999996
33,37.709272500000004,4.561431500000001,22.500000000000004
34,35.1379157068759,2.029714151212721,22.499999999999996
35,32.1345015,1.9142129999999997,25.5
36,32.1345015,4.6767129999999995,25.500000000000007
37,36.08901400000001,4.5614315,25.500000000000004
38,36.089014000000006,3.275791,25.5
39,33.975753999999995,7.43587,25.499999999999996
40,36.89914350000003,9.375500500000008,13.500000000000004
41,39.82325013216862,7.435797690958653,25.5
42,28.950507268802802,6.404664938839591,25.499999999999993
43,33.2595826612106,9.880797414705398,25.5
44,44.850856500000006,0.499631,16.499999999999996
45,47.7620715,0.49963099999999994,19.5
46,44.8508565,3.262131,16.5
47,44.84777943423433,6.404665160921266,19.5
48,47.76207149999999,3.262131,19.499999999999996
49,40.5394239555789,9.880785461242965,22.5
50,43.772001499999995,9.522138499999999,22.5
51,47.33578699999999,10.2771985,22.5
52,48.38687350000001,7.399237000000002,22.499999999999996
53,48.38687349999999,5.883390000000001,22.5
54,41.663786,1.914213,13.5
55,41.663785999999995,4.676713,16.499999999999996
56,38.660370883482116,2.029713964876089,16.499999999999996
57,36.89914302924808,6.088049401837003,19.5
58,37.709272500000004,3.2757910000000003,19.500000000000004
59,37.709272500000004,4.5614315,19.500000000000004
60,35.137915706875894,2.029714151212721,19.499999999999996
61,33.97575400000001,7.435870000000001,22.5
62,39.8232501321686,7.435797690958651,22.499999999999996
63,36.089014000000006,4.561431499999999,22.5
64,32.1345015,4.676713,22.500000000000004
65,28.950507268802806,6.404664938839591,22.499999999999996
66,33.25958266121061,9.880797414705398,22.499999999999996
67,36.089014000000006,3.2757910000000003,22.500000000000007
68,32.134501500000006,1.9142129999999997,22.500000000000007
69,28.9474305,0.4996309999999999,25.5
70,28.947430499999996,3.262131,25.5
71,33.259582661210594,9.880797414705398,1.5
72,33.25958266121061,9.880797414705404,4.5
73,33.2595826612106,9.8807974147054,7.499999999999999
74,33.2595826612106,9.880797414705398,10.500000000000002
75,33.2595826612106,9.880797414705398,13.5
76,33.2595826612106,9.880797414705398,16.5
77,33.25958266121061,9.8807974147054,19.500000000000004
78,33.975754,7.4358699999999995,1.4999999999999996
79,36.89914302924809,6.088049401837004,1.5000000000000002
80,33.975754000000016,7.435870000000001,4.500000000000001
81,33.975754,7.43587,7.5
82,33.97575399999999,7.4358699999999995,10.5
83,33.97575399999999,7.4358699999999995,13.499999999999998
84,33.975753999999995,7.43587,16.499999999999996
85,33.975753999999995,7.43587,19.499999999999996
86,36.89914302924808,6.088049401837002,16.5
87,36.89914302924809,6.088049401837004,4.500000000000001
88,36.89914302924807,6.088049401837004,7.499999999999999
89,36.89914302924807,6.088049401837003,10.5
90,36.899143029248066,6.088049401837002,13.499999999999998
91,25.411413999999997,5.8833899999999995,25.499999999999996
92,25.411414,7.399237,25.500000000000004
93,26.4624995,10.2771985,25.5
94,30.0262845,9.5221385,25.500000000000004
95,26.036215499999994,3.262130999999999,25.49999999999999
96,44.850856500000006,0.499631,13.499999999999998
97,47.762071500000005,0.49963099999999994,16.500000000000004
98,44.8508565,3.2621309999999997,13.5
99,44.84777943423434,6.404665160921266,16.499999999999996
100,47.762071500000005,3.2621310000000006,16.5
101,48.3868735,5.8833899999999995,19.5
102,40.5394239555789,9.880785461242963,19.499999999999996
103,43.77200149999999,9.522138499999999,19.499999999999993
104,47.335787,10.277198500000004,19.5
105,48.38687349999999,7.399237,19.499999999999996
106,41.663786,1.914213,10.5
107,41.663785999999995,4.676713,13.499999999999996
108,38.66037088348213,2.0297139648760893,13.500000000000002
109,37.709272500000004,3.2757910000000003,16.500000000000004
110,37.709272500000004,4.5614315,16.5
111,35.137915706875894,2.029714151212721,16.499999999999993
112,36.089014,4.561431499999999,19.5
113,39.82325013216861,7.435797690958653,19.5
114,32.13450149999999,4.6767129999999995,19.500000000000004
115,28.95050726880281,6.404664938839592,19.499999999999993
116,36.089014,3.275791,19.5
117,32.1345015,1.914213,19.500000000000004
118,28.9474305,3.262131,22.500000000000004
119,30.0262845,9.5221385,22.5
120,26.036215499999997,3.2621309999999997,22.499999999999996
121,25.411414000000004,5.8833899999999995,22.500000000000004
122,25.411414000000004,7.399237000000001,22.500000000000004
123,26.462499500000007,10.277198500000003,22.5
124,28.9474305,0.49963100000000005,22.5
125,26.036215500000004,0.4996309999999998,25.500000000000004
126,28.950507268802816,6.404664938839594,1.5000000000000002
127,30.0262845,9.522138500000002,1.5
128,28.950507268802816,6.404664938839594,4.500000000000001
129,30.0262845,9.522138499999999,4.499999999999999
130,28.950507268802816,6.404664938839594,7.5
131,30.026284499999992,9.522138499999999,7.499999999999998
132,28.950507268802816,6.404664938839594,10.500000000000002
133,30.0262845,9.522138499999999,10.5
134,28.950507268802816,6.404664938839592,13.500000000000002
135,30.026284499999996,9.522138499999997,13.5
136,28.950507268802816,6.404664938839593,16.499999999999993
137,30.026284499999996,9.522138499999999,16.5
138,30.026284499999996,9.522138499999999,19.499999999999996
139,40.539423955578904,9.880785461242963,16.500000000000007
140,40.539423955578904,9.880785461242963,13.499999999999998
141,40.539423955578904,9.880785461242965,10.499999999999998
142,40.539423955578904,9.880785461242965,7.5
143,40.539423955578904,9.880785461242963,4.5
144,40.53942395557889,9.880785461242963,1.4999999999999993
145,39.8232501321686,7.435797690958653,1.5
146,44.84777943423433,6.404665160921266,1.5
147,41.663785999999995,4.6767129999999995,1.5
148,38.660370883482116,2.0297139648760893,1.5000000000000002
149,37.7092725,4.5614315,1.4999999999999996
150,36.089014000000006,4.5614315,1.5
151,35.13791570687591,2.0297141512127213,1.4999999999999998
152,32.1345015,4.676713,1.5000000000000004
153,39.8232501321686,7.435797690958653,16.5
154,39.8232501321686,7.435797690958653,13.499999999999998
155,39.82325013216861,7.435797690958652,10.5
156,39.82325013216861,7.435797690958652,7.499999999999999
157,39.82325013216861,7.435797690958652,4.499999999999999
158,36.089014000000006,4.5614314999999985,16.500000000000004
159,32.1345015,4.6767129999999995,16.500000000000004
160,44.847779434234326,6.404665160921265,4.499999999999999
161,41.663785999999995,4.676713,4.5
162,38.66037088348213,2.0297139648760893,4.500000000000002
163,37.7092725,4.5614315,4.5
164,36.089014000000006,4.5614315,4.5
165,35.13791570687591,2.0297141512127213,4.5
166,32.1345015,4.676713,4.500000000000001
167,32.13450149999999,4.6767129999999995,7.500000000000003
168,44.84777943423432,6.404665160921266,7.499999999999999
169,41.66378600000001,4.6767129999999995,7.499999999999998
170,38.66037088348212,2.0297139648760893,7.499999999999998
171,37.709272500000004,4.5614315,7.500000000000001
172,36.089014000000006,4.5614315,7.500000000000001
173,35.137915706875894,2.029714151212721,7.5
174,38.66037088348212,2.0297139648760893,10.5
175,37.70927250000001,4.561431499999999,10.500000000000002
176,41.66378599999999,4.676712999999999,10.5
177,36.089014,4.561431499999999,10.500000000000002
178,44.84777943423434,6.404665160921267,10.5
179,35.137915706875894,2.029714151212721,10.5
180,32.1345015,4.676713,10.5
181,37.7092725,4.5614315,13.499999999999996
182,36.089014,4.5614315,13.499999999999998
183,44.84777943423434,6.404665160921266,13.499999999999998
184,35.137915706875894,2.029714151212721,13.499999999999998
185,32.1345015,4.676713000000001,13.500000000000004
186,23.788585499999996,5.8833899999999995,25.5
187,23.7885855,7.399237,25.500000000000004
188,22.7375,10.277198500000003,25.499999999999996
189,23.163784999999997,3.262131,25.499999999999996
190,44.850856500000006,0.499631,10.499999999999998
191,47.762071500000005,0.49963099999999994,13.5
192,44.850856500000006,3.2621309999999997,10.500000000000002
193,47.7620715,3.2621310000000006,13.499999999999998
194,48.3868735,5.8833899999999995,16.5
195,43.772001499999995,9.5221385,16.5
196,47.335787,10.277198500000003,16.5
197,48.38687349999999,7.399237,16.499999999999996
198,41.66378600000001,1.9142130000000002,7.500000000000001
199,37.7092725,3.275791,13.499999999999998
200,36.089014,3.275791,16.500000000000004
201,32.1345015,1.9142129999999997,16.5
202,28.947430499999996,3.262130999999999,19.499999999999993
203,26.0362155,3.262131,19.5
204,25.411414,5.883390000000001,19.5
205,25.411414,7.399237000000001,19.499999999999996
206,26.462499500000003,10.2771985,19.5
207,28.9474305,0.4996310000000001,19.500000000000004
208,26.036215500000004,0.4996310000000001,22.499999999999993
209,23.163784999999994,3.2621309999999992,22.5
210,23.788585499999996,5.8833899999999995,22.5
211,23.788585500000003,7.399237000000001,22.5
212,22.7375,10.2771985,22.500000000000004
213,23.163785,0.499631,25.499999999999996
214,28.9474305,3.2621309999999997,1.5
215,26.036215499999997,3.2621309999999997,1.5
216,25.411414000000004,5.883390000000001,1.5000000000000002
217,25.411414,7.399237000000001,1.5
218,26.4624995,10.277198500000003,1.5
219,28.9474305,3.2621309999999997,4.5
220,26.036215499999997,3.2621309999999997,4.5
221,25.411414,5.8833899999999995,4.5
222,25.411414,7.399237000000001,4.5
223,26.462499500000003,10.277198500000004,4.5
224,28.947430499999996,3.2621309999999997,7.500000000000001
225,26.0362155,3.2621310000000006,7.500000000000002
226,25.411414,5.88339,7.5
227,25.411414,7.399237000000001,7.5
228,26.4624995,10.2771985,7.499999999999998
229,28.947430499999996,3.2621309999999992,10.499999999999998
230,26.036215499999997,3.2621309999999992,10.5
231,25.411414000000004,5.883390000000001,10.500000000000002
232,25.411414,7.399237000000001,10.5
233,26.462499500000003,10.277198500000004,10.5
234,28.947430499999996,3.2621309999999992,13.499999999999995
235,26.036215499999997,3.2621309999999997,13.499999999999998
236,25.411414000000004,5.883390000000001,13.5
237,25.411414,7.399237000000001,13.5
238,26.4624995,10.2771985,13.499999999999996
239,28.947430499999996,3.262130999999999,16.499999999999996
240,26.0362155,3.262131,16.5
241,25.411414,5.883390000000001,16.5
242,25.411413999999997,7.399237000000001,16.5
243,26.462499500000007,10.277198500000003,16.5
244,43.7720015,9.5221385,13.500000000000002
245,43.7720015,9.5221385,10.499999999999998
246,43.772001499999995,9.522138499999999,7.499999999999998
247,43.7720015,9.522138499999999,4.5
248,43.7720015,9.522138499999999,1.4999999999999998
249,47.335787,10.277198500000004,1.5000000000000002
250,48.38687349999999,7.399237,1.4999999999999998
251,48.38687349999999,5.88339,1.5
252,47.7620715,3.262131,1.5
253,44.85085649999999,3.2621309999999997,1.5
254,41.663786,1.914213,1.4999999999999998
255,37.709272500000004,3.2757909999999995,1.4999999999999998
256,36.089014,3.2757910000000003,1.5000000000000002
257,32.1345015,1.9142129999999997,1.5000000000000004
258,47.335787,10.277198500000004,4.5
259,48.38687349999999,7.399237,4.499999999999999
260,48.38687349999999,5.88339,4.5
261,47.7620715,3.2621309999999997,4.5
262,44.8508565,3.2621309999999997,4.500000000000001
263,41.663786,1.914213,4.499999999999998
264,37.7092725,3.2757910000000003,4.499999999999999
265,36.089014,3.275791,4.5
266,32.1345015,1.9142129999999997,4.500000000000001
267,32.1345015,1.9142129999999997,7.500000000000001
268,47.335787,10.277198500000004,7.500000000000001
269,48.38687349999999,7.399237,7.499999999999999
270,48.38687349999999,5.883390000000001,7.5
271,47.7620715,3.2621310000000006,7.499999999999999
272,44.850856500000006,3.2621310000000006,7.500000000000001
273,37.709272500000004,3.275791,7.5
274,36.089014,3.275791,7.500000000000002
275,37.7092725,3.2757910000000003,10.5
276,36.089014000000006,3.275791000000001,10.500000000000004
277,47.7620715,3.2621310000000006,10.500000000000002
278,48.38687350000001,5.883390000000001,10.500000000000004
279,47.335787,10.2771985,10.5
280,48.38687349999999,7.399237,10.499999999999998
281,32.1345015,1.9142129999999997,10.500000000000002
282,36.089014000000006,3.275791000000001,13.500000000000004
283,48.38687349999999,5.88339,13.5
284,47.33578700000001,10.277198500000003,13.5
285,48.38687349999999,7.399237,13.499999999999998
286,32.1345015,1.9142129999999997,13.500000000000002
287,20.249491731197192,6.404664938839592,25.499999999999996
288,19.173714500000003,9.522138499999999,25.5
289,20.2525695,3.2621309999999997,25.500000000000004
290,44.850856500000006,0.499631,7.5
291,47.762071500000005,0.49963099999999994,10.500000000000002
292,28.947430500000007,0.4996310000000002,16.5
293,23.163784999999997,3.2621309999999997,19.5
294,26.0362155,0.4996310000000002,19.5
295,23.788585499999996,5.8833899999999995,19.499999999999993
296,23.7885855,7.399236999999999,19.499999999999993
297,22.737500000000004,10.277198500000003,19.500000000000004
298,23.163785,0.49963100000000005,22.5
299,20.2525695,3.2621309999999997,22.500000000000004
300,20.24949173119719,6.404664938839593,22.5
301,19.173714499999996,9.522138499999997,22.499999999999993
302,20.252569499999996,0.4996309999999998,25.499999999999996
303,28.947430500000007,0.49963100000000027,1.5000000000000004
304,23.163784999999997,3.2621309999999997,1.5
305,26.036215500000004,0.4996310000000001,1.5
306,23.7885855,5.883389999999999,1.5000000000000002
307,23.7885855,7.399236999999999,1.5
308,22.7375,10.277198499999999,1.5000000000000002
309,28.947430500000007,0.49963100000000027,4.5
310,23.163784999999994,3.2621309999999997,4.499999999999999
311,26.036215500000004,0.4996310000000001,4.5
312,23.788585499999996,5.883389999999999,4.499999999999999
313,23.7885855,7.399236999999999,4.5
314,22.7375,10.277198499999999,4.499999999999999
315,28.947430500000007,0.49963100000000027,7.500000000000001
316,23.163784999999997,3.262131,7.5
317,26.036215500000004,0.4996310000000001,7.5
318,23.788585500000003,5.883390000000001,7.500000000000001
319,23.7885855,7.399237,7.5
320,22.737500000000004,10.277198500000003,7.500000000000001
321,28.947430500000007,0.4996310000000002,10.5
322,23.163784999999997,3.2621309999999997,10.499999999999998
323,26.036215500000004,0.4996310000000001,10.500000000000002
324,23.788585499999996,5.8833899999999995,10.500000000000002
325,23.7885855,7.399236999999999,10.5
326,22.7375,10.277198500000003,10.500000000000002
327,28.947430500000007,0.4996310000000002,13.500000000000004
328,23.163784999999997,3.2621309999999997,13.5
329,26.036215500000004,0.4996310000000001,13.499999999999998
330,23.788585500000003,5.88339,13.500000000000005
331,23.7885855,7.399236999999999,13.5
332,22.7375,10.2771985,13.500000000000002
333,23.163784999999997,3.2621309999999997,16.5
334,26.036215500000004,0.4996310000000001,16.5
335,23.7885855,5.883389999999999,16.499999999999996
336,23.788585500000003,7.399237,16.5
337,22.7375,10.277198500000003,16.499999999999996
338,47.762071500000005,0.49963099999999994,1.5
339,44.850856500000006,0.499631,1.4999999999999998
340,47.762071500000005,0.49963099999999994,4.5
341,44.850856500000006,0.499631,4.5
342,47.762071500000005,0.49963099999999994,7.499999999999999
343,17.065496999999997,4.6767129999999995,25.500000000000004
344,12.300855529248082,6.088049408643079,25.5
345,15.941136381351443,9.88078579459157,25.5
346,17.065497,1.9142129999999997,25.500000000000007
347,23.163785,0.499631,19.500000000000004
348,20.2525695,3.262131,19.500000000000004
349,20.24949173119719,6.404664938839593,19.5
350,19.173714499999996,9.522138499999997,19.499999999999996
351,20.2525695,0.49963099999999994,22.5
352,17.065497,1.9142130000000002,22.499999999999996
353,17.065497000000004,4.676713,22.499999999999996
354,15.94113638135144,9.880785794591565,22.5
355,12.300855529248084,6.088049408643079,22.5
356,23.163785,0.499631,1.4999999999999998
357,20.2525695,3.2621309999999997,1.5000000000000002
358,20.249491731197196,6.404664938839592,1.5000000000000002
359,19.173714499999996,9.522138499999997,1.4999999999999998
360,23.163785,0.499631,4.5
361,20.252569500000003,3.2621310000000006,4.5
362,20.249491731197196,6.404664938839592,4.5
363,19.173714499999996,9.522138499999997,4.499999999999998
364,23.163785,0.499631,7.500000000000002
365,20.252569500000003,3.2621310000000006,7.500000000000001
366,20.249491731197196,6.404664938839592,7.500000000000001
367,19.173714499999996,9.522138499999997,7.499999999999997
368,23.163785,0.499631,10.5
369,20.2525695,3.262131,10.500000000000004
370,20.249491731197196,6.404664938839592,10.500000000000004
371,19.173714499999996,9.522138499999997,10.5
372,23.163785,0.499631,13.5
373,20.2525695,3.262131,13.500000000000004
374,20.249491731197196,6.404664938839592,13.500000000000002
375,19.173714499999992,9.522138499999999,13.499999999999996
376,23.163785,0.499631,16.5
377,20.252569500000003,3.262131,16.5
378,20.249491731197196,6.404664938839592,16.5
379,19.1737145,9.522138499999997,16.499999999999996
380,14.062082759851082,2.0297135433006264,25.5
381,9.377465499999998,7.43587,25.5
382,12.300856000000005,9.375500500000014,13.500000000000005
383,15.224963632168663,7.435797690993919,25.500000000000004
384,13.110985500000002,4.5614315,25.500000000000004
385,11.490726,4.561431499999999,25.5
386,10.539628649791036,2.0297133569640176,25.5
387,7.536214500000001,4.6767129999999995,25.500000000000007
388,4.352219196730165,6.404665071193748,25.499999999999996
389,8.661294687165313,9.88079761954666,25.500000000000004
390,20.2525695,0.499631,19.499999999999996
391,17.065497,1.9142130000000002,19.5
392,17.065497000000004,4.676713,19.500000000000004
393,15.94113638135145,9.880785794591572,19.500000000000007
394,12.300855529248086,6.088049408643078,19.5
395,14.062082759851084,2.029713543300627,22.500000000000007
396,15.22496363216866,7.435797690993915,22.499999999999996
397,9.3774655,7.4358699999999995,22.499999999999993
398,13.110985499999998,4.561431499999999,22.499999999999996
399,11.490726,4.561431499999999,22.5
400,10.53962864979104,2.0297133569640176,22.5
401,7.5362145000000025,4.676713000000001,22.500000000000007
402,4.352219196730165,6.404665071193749,22.5
403,8.661294687165316,9.88079761954666,22.500000000000007
404,20.2525695,0.499631,1.5
405,17.065497,1.9142130000000002,1.5000000000000002
406,17.065497000000004,4.676713,1.5000000000000004
407,15.941136381351438,9.880785794591565,1.5
408,12.300855529248087,6.088049408643079,1.5000000000000002
409,20.2525695,0.499631,4.500000000000001
410,17.065497,1.9142130000000002,4.499999999999999
411,17.065497000000004,4.676713,4.500000000000002
412,15.941136381351434,9.880785794591565,4.5
413,12.300855529248087,6.088049408643079,4.500000000000002
414,20.2525695,0.499631,7.5
415,17.065497000000004,1.9142130000000002,7.500000000000002
416,17.065497000000004,4.676713,7.500000000000002
417,15.941136381351438,9.880785794591567,7.500000000000001
418,12.300855529248086,6.088049408643079,7.5000000000000036
419,20.2525695,0.499631,10.5
420,17.065497,1.9142130000000002,10.5
421,17.065497000000004,4.676713,10.500000000000004
422,15.941136381351438,9.880785794591567,10.5
423,12.300855529248087,6.08804940864308,10.500000000000002
424,20.2525695,0.499631,13.499999999999998
425,17.065497,1.9142130000000002,13.499999999999998
426,17.065497,4.676713,13.500000000000002
427,15.941136381351438,9.880785794591569,13.5
428,12.300855529248086,6.088049408643079,13.5
429,20.2525695,0.499631,16.5
430,17.065497000000004,1.914213,16.500000000000004
431,17.065497000000004,4.6767129999999995,16.5
432,15.94113638135145,9.880785794591572,16.500000000000004
433,12.300855529248086,6.088049408643078,16.500000000000004
434,13.110985499999998,3.2757910000000003,25.5
435,8.661294687165316,9.880797619546659,19.499999999999996
436,8.661294687165316,9.880797619546659,16.5
437,8.661294687165316,9.880797619546655,13.499999999999998
438,8.661294687165316,9.880797619546659,10.5
439,8.661294687165315,9.880797619546655,7.499999999999999
440,8.661294687165316,9.880797619546659,4.499999999999998
441,8.661294687165316,9.880797619546659,1.4999999999999998
442,9.3774655,7.43587,1.4999999999999998
443,9.377465500000001,7.435870000000001,19.5
444,9.377465500000001,7.435870000000001,16.5
445,9.3774655,7.435870000000001,13.500000000000004
446,9.377465500000003,7.435870000000001,10.499999999999998
447,9.377465500000001,7.435870000000001,7.500000000000001
448,9.3774655,7.43587,4.5
449,11.490726000000002,3.2757910000000003,25.500000000000007
450,7.5362145,1.914213,25.499999999999996
451,4.349142999999999,3.2621309999999992,25.499999999999993
452,0.8131260000000001,5.88339,25.5
453,0.8131259999999998,7.3992369999999985,25.500000000000004
454,1.8642119999999993,10.2771985,25.500000000000004
455,5.4279969999999995,9.522138500000002,25.499999999999996
456,1.4379274999999987,3.2621310000000014,25.499999999999996
457,14.062082759851082,2.0297135433006273,19.500000000000007
458,15.224963632168661,7.435797690993916,19.500000000000004
459,13.1109855,4.5614315,19.5
460,11.490726,4.561431499999999,19.499999999999996
461,10.539628649791036,2.0297133569640176,19.499999999999996
462,7.536214499999999,4.6767129999999995,19.5
463,4.352219196730164,6.404665071193748,19.499999999999993
464,13.110985500000002,3.2757910000000003,22.5
465,11.490726000000002,3.275791,22.5
466,7.536214500000002,1.9142129999999995,22.500000000000007
467,4.349143000000001,3.262131000000001,22.5
468,5.4279969999999995,9.522138500000002,22.5
469,1.4379274999999987,3.2621310000000006,22.499999999999996
470,0.8131260000000008,5.88339,22.500000000000004
471,0.8131260000000001,7.399237,22.5
472,1.8642119999999995,10.2771985,22.499999999999996
473,14.062082759851082,2.0297135433006273,1.5
474,15.22496363216866,7.435797690993917,1.4999999999999993
475,13.1109855,4.561431499999999,1.5
476,11.490726,4.5614315,1.5000000000000002
477,10.539628649791036,2.0297133569640176,1.5
478,7.5362145,4.6767129999999995,1.5000000000000002
479,4.352219196730166,6.40466507119375,1.5000000000000002
480,14.062082759851082,2.029713543300627,4.5
481,15.224963632168658,7.435797690993916,4.5
482,13.1109855,4.561431499999999,4.499999999999999
483,11.490726,4.5614315,4.500000000000001
484,10.539628649791036,2.0297133569640176,4.5
485,7.5362145,4.6767129999999995,4.500000000000002
486,4.352219196730164,6.404665071193747,4.499999999999997
487,14.062082759851085,2.029713543300627,7.500000000000001
488,15.224963632168658,7.435797690993916,7.5
489,13.110985499999998,4.5614315,7.5
490,11.490725999999997,4.5614314999999985,7.499999999999999
491,10.539628649791037,2.0297133569640184,7.500000000000001
492,7.536214499999999,4.676712999999999,7.5
493,4.352219196730164,6.404665071193747,7.499999999999998
494,14.062082759851085,2.0297135433006273,10.500000000000002
495,15.224963632168658,7.435797690993916,10.500000000000002
496,13.110985499999998,4.561431499999999,10.5
497,11.490725999999999,4.561431499999999,10.500000000000002
498,10.539628649791037,2.0297133569640184,10.500000000000004
499,7.536214500000001,4.676713,10.500000000000004
500,4.352219196730164,6.404665071193747,10.499999999999998
501,14.062082759851082,2.0297135433006273,13.500000000000002
502,15.224963632168658,7.435797690993916,13.5
503,13.110985499999998,4.561431499999999,13.499999999999996
504,11.490725999999999,4.561431499999999,13.500000000000002
505,10.539628649791037,2.0297133569640184,13.500000000000002
506,7.5362145,4.6767129999999995,13.5
507,4.352219196730164,6.40466507119375,13.5
508,14.062082759851082,2.029713543300627,16.500000000000004
509,15.224963632168658,7.435797690993916,16.499999999999996
510,13.110985499999998,4.561431499999999,16.499999999999996
511,11.490725999999999,4.5614314999999985,16.5
512,10.53962864979104,2.0297133569640184,16.5
513,7.536214500000001,4.676713,16.500000000000004
514,4.352219196730164,6.404665071193747,16.499999999999996
515,5.427996999999999,9.522138499999999,19.5
516,5.4279969999999995,9.522138499999999,16.499999999999996
517,5.4279969999999995,9.522138500000002,13.499999999999998
518,5.4279969999999995,9.5221385,10.499999999999998
519,5.4279969999999995,9.522138500000004,7.500000000000001
520,5.4279969999999995,9.522138500000002,4.5
521,5.427997,9.522138500000004,1.5
522,4.349142999999999,0.49963099999999977,25.499999999999996
523,1.4379274999999985,0.4996309999999997,25.499999999999996
524,13.1109855,3.2757910000000003,19.5
525,11.490725999999999,3.275791,19.5
526,7.536214500000001,1.9142129999999997,19.5
527,4.349143,3.2621310000000006,19.500000000000004
528,1.4379274999999991,3.262131000000001,19.5
529,0.8131260000000007,5.88339,19.5
530,0.8131260000000002,7.399237,19.499999999999996
531,1.8642119999999986,10.277198499999999,19.5
532,4.349142999999997,0.4996309999999997,22.499999999999996
533,1.4379274999999985,0.49963099999999977,22.499999999999996
534,13.110985499999998,3.2757909999999995,1.4999999999999996
535,11.490725999999997,3.2757909999999995,1.5
536,7.5362145000000025,1.9142130000000002,1.5000000000000002
537,4.349142999999999,3.2621310000000014,1.4999999999999998
538,1.4379274999999982,3.262131,1.5
539,0.8131260000000008,5.88339,1.4999999999999998
540,0.813126,7.3992369999999985,1.5
541,1.8642119999999986,10.277198499999999,1.5
542,13.1109855,3.275791,4.499999999999999
543,11.490725999999997,3.2757909999999995,4.499999999999999
544,7.536214500000002,1.9142129999999995,4.500000000000001
545,4.349142999999999,3.2621309999999997,4.499999999999998
546,1.4379274999999987,3.2621310000000006,4.499999999999999
547,0.8131260000000008,5.88339,4.5
548,0.813126,7.3992369999999985,4.499999999999999
549,1.8642119999999989,10.2771985,4.5
550,13.1109855,3.275791,7.499999999999999
551,11.490726000000002,3.275791,7.5
552,7.536214500000002,1.9142129999999993,7.500000000000001
553,4.349143,3.262131000000001,7.499999999999999
554,1.4379274999999991,3.262131000000002,7.5
555,0.8131260000000008,5.8833899999999995,7.5
556,0.813126,7.3992369999999985,7.499999999999999
557,1.8642119999999989,10.277198499999999,7.5
558,13.1109855,3.275791,10.499999999999996
559,11.490726,3.275791,10.5
560,7.536214500000002,1.914213,10.500000000000002
561,4.349143,3.2621310000000006,10.5
562,1.437927499999999,3.262131000000001,10.5
563,0.8131260000000006,5.8833899999999995,10.5
564,0.813126,7.3992369999999985,10.5
565,1.8642119999999986,10.277198499999999,10.499999999999998
566,13.110985499999998,3.2757909999999995,13.499999999999998
567,11.490726,3.275791,13.5
568,7.5362145,1.9142129999999995,13.5
569,4.349143,3.2621310000000006,13.500000000000002
570,1.4379274999999991,3.262131000000001,13.5
571,0.8131260000000008,5.88339,13.500000000000002
572,0.813126,7.3992369999999985,13.499999999999998
573,1.8642119999999989,10.2771985,13.499999999999998
574,13.1109855,3.275791,16.499999999999996
575,11.490726,3.275791,16.5
576,7.5362145,1.9142129999999993,16.5
577,4.349143,3.2621310000000006,16.5
578,1.4379274999999991,3.262131000000001,16.5
579,0.8131260000000008,5.883390000000001,16.5
580,0.813126,7.399237,16.499999999999996
581,1.8642119999999989,10.2771985,16.5
582,4.349142999999997,0.4996309999999997,19.499999999999996
583,1.4379274999999985,0.49963099999999977,19.499999999999996
584,4.349142999999997,0.4996309999999997,1.4999999999999996
585,1.4379274999999987,0.4996309999999997,1.4999999999999998
586,4.349142999999997,0.4996309999999997,4.499999999999999
587,1.4379274999999985,0.4996309999999997,4.5
588,4.349142999999997,0.4996309999999997,7.499999999999998
589,1.4379274999999985,0.4996309999999997,7.499999999999999
590,4.349142999999997,0.4996309999999997,10.499999999999998
591,1.4379274999999985,0.4996309999999997,10.5
592,4.349142999999997,0.4996309999999997,13.499999999999998
593,1.4379274999999985,0.4996309999999997,13.499999999999998
594,4.349142999999997,0.4996309999999997,16.499999999999996
595,1.4379274999999985,0.4996309999999997,16.499999999999996
