room_name,room_type,depth,degree
balcony_9_22,balcony,-1,1
balcony_8_22,balcony,-1,1
balcony_9_21,balcony,-1,1
balcony_7_22,balcony,-1,1
balcony_8_21,balcony,-1,1
balcony_6_22,balcony,-1,1
balcony_7_21,balcony,-1,1
balcony_9_5,balcony,-1,1
balcony_5_22,balcony,-1,1
balcony_6_21,balcony,-1,1
balcony_8_5,balcony,-1,1
balcony_9_4,balcony,-1,1
balcony_4_22,balcony,-1,1
balcony_5_21,balcony,-1,1
balcony_7_5,balcony,-1,1
balcony_8_4,balcony,-1,1
balcony_3_22,balcony,-1,1
balcony_4_21,balcony,-1,1
balcony_6_5,balcony,-1,1
balcony_7_4,balcony,-1,1
balcony_1_5,balcony,-1,1
balcony_1_4,balcony,-1,1
balcony_2_5,balcony,-1,1
balcony_2_4,balcony,-1,1
balcony_3_5,balcony,-1,1
balcony_3_4,balcony,-1,1
balcony_4_5,balcony,-1,1
balcony_4_4,balcony,-1,1
balcony_5_5,balcony,-1,1
balcony_5_4,balcony,-1,1
balcony_6_4,balcony,-1,1
balcony_1_21,balcony,-1,1
balcony_1_22,balcony,-1,1
balcony_2_21,balcony,-1,1
balcony_2_22,balcony,-1,1
balcony_3_21,balcony,-1,1
bathroom_9_23,bathroom,-1,1
bathroom_9_24,bathroom,-1,1
bathroom_9_30,bathroom,-1,1
bathroom_9_19,bathroom,-1,1
bathroom_8_23,bathroom,-1,1
bathroom_8_24,bathroom,-1,1
bathroom_9_7,bathroom,-1,1
bathroom_9_6,bathroom,-1,1
bathroom_8_19,bathroom,-1,1
bathroom_8_30,bathroom,-1,1
bathroom_7_23,bathroom,-1,1
bathroom_7_24,bathroom,-1,1
bathroom_8_7,bathroom,-1,1
bathroom_8_6,bathroom,-1,1
bathroom_9_13,bathroom,-1,1
bathroom_9_2,bathroom,-1,1
bathroom_7_30,bathroom,-1,1
bathroom_7_19,bathroom,-1,1
bathroom_6_23,bathroom,-1,1
bathroom_6_24,bathroom,-1,1
bathroom_7_7,bathroom,-1,1
bathroom_7_6,bathroom,-1,1
bathroom_8_13,bathroom,-1,1
bathroom_8_2,bathroom,-1,1
bathroom_1_24,bathroom,-1,1
bathroom_1_7,bathroom,-1,1
bathroom_6_7,bathroom,-1,1
bathroom_2_24,bathroom,-1,1
bathroom_2_7,bathroom,-1,1
bathroom_3_24,bathroom,-1,1
bathroom_3_7,bathroom,-1,1
bathroom_4_24,bathroom,-1,1
bathroom_4_7,bathroom,-1,1
bathroom_5_24,bathroom,-1,1
bathroom_5_7,bathroom,-1,1
bathroom_6_30,bathroom,-1,1
bathroom_6_19,bathroom,-1,1
bathroom_5_23,bathroom,-1,1
bathroom_6_6,bathroom,-1,1
bathroom_7_13,bathroom,-1,1
bathroom_7_2,bathroom,-1,1
bathroom_1_13,bathroom,-1,1
bathroom_1_2,bathroom,-1,1
bathroom_2_13,bathroom,-1,1
bathroom_2_2,bathroom,-1,1
bathroom_3_13,bathroom,-1,1
bathroom_3_2,bathroom,-1,1
bathroom_4_13,bathroom,-1,1
bathroom_4_2,bathroom,-1,1
bathroom_5_13,bathroom,-1,1
bathroom_5_2,bathroom,-1,1
bathroom_6_13,bathroom,-1,1
bathroom_6_2,bathroom,-1,1
bathroom_1_19,bathroom,-1,1
bathroom_1_30,bathroom,-1,1
bathroom_1_23,bathroom,-1,1
bathroom_1_6,bathroom,-1,1
bathroom_2_19,bathroom,-1,1
bathroom_2_30,bathroom,-1,1
bathroom_2_23,bathroom,-1,1
bathroom_2_6,bathroom,-1,1
bathroom_3_19,bathroom,-1,1
bathroom_3_30,bathroom,-1,1
bathroom_3_23,bathroom,-1,1
bathroom_3_6,bathroom,-1,1
bathroom_4_23,bathroom,-1,1
bathroom_4_6,bathroom,-1,1
bathroom_4_30,bathroom,-1,1
bathroom_4_19,bathroom,-1,1
bathroom_5_6,bathroom,-1,1
bathroom_5_30,bathroom,-1,1
bathroom_5_19,bathroom,-1,1
bedroom_9_20,bedroom,-1,2
bedroom_8_20,bedroom,-1,2
bedroom_9_29,bedroom,-1,2
bedroom_7_20,bedroom,-1,2
bedroom_8_29,bedroom,-1,2
bedroom_9_18,bedroom,-1,1
bedroom_6_20,bedroom,-1,2
bedroom_7_29,bedroom,-1,2
bedroom_8_18,bedroom,-1,1
bedroom_9_3,bedroom,-1,2
bedroom_9_1,bedroom,-1,1
bedroom_9_12,bedroom,-1,2
bedroom_5_20,bedroom,-1,2
bedroom_6_29,bedroom,-1,2
bedroom_7_18,bedroom,-1,1
bedroom_8_3,bedroom,-1,2
bedroom_8_12,bedroom,-1,2
bedroom_8_1,bedroom,-1,1
bedroom_4_20,bedroom,-1,2
bedroom_5_29,bedroom,-1,2
bedroom_6_18,bedroom,-1,1
bedroom_7_3,bedroom,-1,2
bedroom_7_12,bedroom,-1,2
bedroom_7_1,bedroom,-1,1
bedroom_1_3,bedroom,-1,2
bedroom_1_12,bedroom,-1,2
bedroom_1_1,bedroom,-1,1
bedroom_2_3,bedroom,-1,2
bedroom_2_12,bedroom,-1,2
bedroom_2_1,bedroom,-1,1
bedroom_3_3,bedroom,-1,2
bedroom_3_12,bedroom,-1,2
bedroom_3_1,bedroom,-1,1
bedroom_4_3,bedroom,-1,2
bedroom_4_12,bedroom,-1,2
bedroom_4_1,bedroom,-1,1
bedroom_5_3,bedroom,-1,2
bedroom_5_12,bedroom,-1,2
bedroom_5_1,bedroom,-1,1
bedroom_6_3,bedroom,-1,2
bedroom_6_12,bedroom,-1,2
bedroom_6_1,bedroom,-1,1
bedroom_1_18,bedroom,-1,1
bedroom_1_29,bedroom,-1,2
bedroom_1_20,bedroom,-1,2
bedroom_2_18,bedroom,-1,1
bedroom_2_29,bedroom,-1,2
bedroom_2_20,bedroom,-1,2
bedroom_3_18,bedroom,-1,1
bedroom_3_29,bedroom,-1,2
bedroom_3_20,bedroom,-1,2
bedroom_4_29,bedroom,-1,2
bedroom_4_18,bedroom,-1,1
bedroom_5_18,bedroom,-1,1
corridor_9_32,corridor,-1,4
corridor_9_31,corridor,-1,7
corridor_8_32,corridor,-1,4
corridor_9_15,corridor,-1,6
corridor_8_31,corridor,-1,7
corridor_7_32,corridor,-1,4
corridor_8_15,corridor,-1,6
corridor_9_16,corridor,-1,4
corridor_9_14,corridor,-1,7
corridor_7_31,corridor,-1,7
corridor_6_32,corridor,-1,4
corridor_7_15,corridor,-1,6
corridor_8_16,corridor,-1,4
corridor_8_14,corridor,-1,7
corridor_1_15,corridor,-1,6
corridor_6_15,corridor,-1,6
corridor_2_15,corridor,-1,6
corridor_3_15,corridor,-1,6
corridor_4_15,corridor,-1,6
corridor_5_15,corridor,-1,6
corridor_6_31,corridor,-1,7
corridor_5_32,corridor,-1,4
corridor_7_16,corridor,-1,4
corridor_7_14,corridor,-1,7
corridor_1_14,corridor,-1,7
corridor_2_14,corridor,-1,7
corridor_3_14,corridor,-1,7
corridor_4_14,corridor,-1,7
corridor_5_14,corridor,-1,7
corridor_6_14,corridor,-1,7
corridor_1_31,corridor,-1,7
corridor_1_32,corridor,-1,4
corridor_1_16,corridor,-1,4
corridor_6_16,corridor,-1,4
corridor_2_31,corridor,-1,7
corridor_2_32,corridor,-1,4
corridor_2_16,corridor,-1,4
corridor_3_16,corridor,-1,4
corridor_3_31,corridor,-1,7
corridor_3_32,corridor,-1,4
corridor_4_32,corridor,-1,4
corridor_4_31,corridor,-1,7
corridor_4_16,corridor,-1,4
corridor_5_31,corridor,-1,7
corridor_5_16,corridor,-1,4
kitchen_9_25,kitchen,-1,3
kitchen_8_25,kitchen,-1,3
kitchen_9_8,kitchen,-1,3
kitchen_9_27,kitchen,-1,2
kitchen_7_25,kitchen,-1,3
kitchen_8_8,kitchen,-1,3
kitchen_9_10,kitchen,-1,2
kitchen_8_27,kitchen,-1,2
kitchen_6_25,kitchen,-1,3
kitchen_7_8,kitchen,-1,3
kitchen_8_10,kitchen,-1,2
kitchen_1_10,kitchen,-1,2
kitchen_2_10,kitchen,-1,2
kitchen_3_10,kitchen,-1,2
kitchen_4_10,kitchen,-1,2
kitchen_5_10,kitchen,-1,2
kitchen_6_10,kitchen,-1,2
kitchen_7_10,kitchen,-1,2
kitchen_7_27,kitchen,-1,2
kitchen_5_25,kitchen,-1,3
kitchen_6_8,kitchen,-1,3
kitchen_6_27,kitchen,-1,2
kitchen_5_27,kitchen,-1,2
kitchen_4_27,kitchen,-1,2
kitchen_3_27,kitchen,-1,2
kitchen_2_27,kitchen,-1,2
kitchen_1_27,kitchen,-1,2
kitchen_1_25,kitchen,-1,3
kitchen_1_8,kitchen,-1,3
kitchen_2_25,kitchen,-1,3
kitchen_2_8,kitchen,-1,3
kitchen_3_25,kitchen,-1,3
kitchen_3_8,kitchen,-1,3
kitchen_4_25,kitchen,-1,3
kitchen_4_8,kitchen,-1,3
kitchen_5_8,kitchen,-1,3
livingroom_9_33,livingroom,-1,1
livingroom_8_33,livingroom,-1,1
livingroom_7_33,livingroom,-1,1
livingroom_9_28,livingroom,-1,1
livingroom_6_33,livingroom,-1,1
livingroom_9_17,livingroom,-1,1
livingroom_8_28,livingroom,-1,1
livingroom_5_33,livingroom,-1,1
livingroom_8_17,livingroom,-1,1
livingroom_9_11,livingroom,-1,1
livingroom_7_28,livingroom,-1,1
livingroom_4_33,livingroom,-1,1
livingroom_7_17,livingroom,-1,1
livingroom_8_11,livingroom,-1,1
livingroom_1_11,livingroom,-1,1
livingroom_2_11,livingroom,-1,1
livingroom_3_11,livingroom,-1,1
livingroom_4_11,livingroom,-1,1
livingroom_5_11,livingroom,-1,1
livingroom_6_11,livingroom,-1,1
livingroom_7_11,livingroom,-1,1
livingroom_6_28,livingroom,-1,1
livingroom_3_33,livingroom,-1,1
livingroom_6_17,livingroom,-1,1
livingroom_5_28,livingroom,-1,1
livingroom_4_28,livingroom,-1,1
livingroom_3_28,livingroom,-1,1
livingroom_2_28,livingroom,-1,1
livingroom_1_28,livingroom,-1,1
livingroom_1_33,livingroom,-1,1
livingroom_1_17,livingroom,-1,1
livingroom_2_33,livingroom,-1,1
livingroom_2_17,livingroom,-1,1
livingroom_3_17,livingroom,-1,1
livingroom_4_17,livingroom,-1,1
livingroom_5_17,livingroom,-1,1
stairs,stairs,-1,18
storeroom_9_9,storeroom,-1,1
storeroom_9_26,storeroom,-1,1
storeroom_8_9,storeroom,-1,1
storeroom_8_26,storeroom,-1,1
storeroom_1_9,storeroom,-1,1
storeroom_2_9,storeroom,-1,1
storeroom_3_9,storeroom,-1,1
storeroom_4_9,storeroom,-1,1
storeroom_5_9,storeroom,-1,1
storeroom_6_9,storeroom,-1,1
storeroom_7_9,storeroom,-1,1
storeroom_7_26,storeroom,-1,1
storeroom_1_26,storeroom,-1,1
storeroom_6_26,storeroom,-1,1
storeroom_5_26,storeroom,-1,1
storeroom_4_26,storeroom,-1,1
storeroom_3_26,storeroom,-1,1
storeroom_2_26,storeroom,-1,1
corridor_d_6_11,corridor,0,7
corridor_d_6_10,corridor,1,2
corridor_d_6_2,corridor,1,2
balcony_d_6_15,balcony,2,6
corridor_d_6_9,corridor,2,2
corridor_d_6_1,corridor,2,1
corridor_d_6_8,corridor,2,1
corridor_d_6_7,corridor,2,2
corridor_d_6_4,corridor,3,2
balcony_d_6_16,balcony,4,4
balcony_d_6_14,balcony,4,7
corridor_d_6_12,corridor,4,4
corridor_d_6_6,corridor,4,1
stairs_d_1_1,stairs,4,18
balcony_d_9_15,balcony,6,6
balcony_d_8_15,balcony,6,6
balcony_d_7_15,balcony,6,6
balcony_d_1_15,balcony,6,6
balcony_d_2_15,balcony,6,6
balcony_d_3_15,balcony,6,6
balcony_d_4_15,balcony,6,6
balcony_d_5_15,balcony,6,6
balcony_d_6_10,balcony,6,2
balcony_d_6_20,balcony,6,3
balcony_d_6_8,balcony,6,3
balcony_d_6_11,balcony,6,1
balcony_d_6_17,balcony,6,1
balcony_d_6_3,balcony,6,2
balcony_d_6_12,balcony,6,2
balcony_d_6_13,balcony,6,1
balcony_d_6_2,balcony,6,1
balcony_d_6_1,balcony,6,1
corridor_d_6_3,corridor,6,2
corridor_d_6_13,corridor,6,1
balcony_d_6_19,balcony,7,2
balcony_d_6_7,balcony,7,2
balcony_d_6_6,balcony,7,2
balcony_d_6_4,balcony,7,2
balcony_d_9_16,balcony,8,4
balcony_d_9_14,balcony,8,7
balcony_d_8_16,balcony,8,4
balcony_d_8_14,balcony,8,7
balcony_d_6_9,balcony,8,1
balcony_d_7_16,balcony,8,4
balcony_d_7_14,balcony,8,7
balcony_d_1_16,balcony,8,4
balcony_d_1_14,balcony,8,7
balcony_d_2_16,balcony,8,4
balcony_d_2_14,balcony,8,7
balcony_d_3_16,balcony,8,4
balcony_d_3_14,balcony,8,7
balcony_d_4_16,balcony,8,4
balcony_d_4_14,balcony,8,7
balcony_d_5_16,balcony,8,4
balcony_d_5_14,balcony,8,7
balcony_d_6_18,balcony,8,1
balcony_d_6_5,balcony,8,1
corridor_d_9_11,corridor,8,7
corridor_d_8_11,corridor,8,7
corridor_d_9_12,corridor,8,4
corridor_d_7_11,corridor,8,7
corridor_d_8_12,corridor,8,4
corridor_d_1_11,corridor,8,7
corridor_d_2_11,corridor,8,7
corridor_d_3_11,corridor,8,7
corridor_d_4_11,corridor,8,7
corridor_d_5_11,corridor,8,7
corridor_d_7_12,corridor,8,4
corridor_d_1_12,corridor,8,4
corridor_d_2_12,corridor,8,4
corridor_d_3_12,corridor,8,4
corridor_d_4_12,corridor,8,4
corridor_d_5_12,corridor,8,4
corridor_d_6_5,corridor,8,1
corridor_d_9_10,corridor,9,2
corridor_d_9_2,corridor,9,2
corridor_d_8_10,corridor,9,2
corridor_d_8_2,corridor,9,2
corridor_d_7_10,corridor,9,2
corridor_d_7_2,corridor,9,2
corridor_d_1_10,corridor,9,2
corridor_d_1_2,corridor,9,2
corridor_d_2_10,corridor,9,2
corridor_d_2_2,corridor,9,2
corridor_d_3_10,corridor,9,2
corridor_d_3_2,corridor,9,2
corridor_d_4_10,corridor,9,2
corridor_d_4_2,corridor,9,2
corridor_d_5_10,corridor,9,2
corridor_d_5_2,corridor,9,2
balcony_d_9_20,balcony,10,3
balcony_d_9_8,balcony,10,3
balcony_d_9_10,balcony,10,2
balcony_d_8_20,balcony,10,3
balcony_d_8_8,balcony,10,3
balcony_d_8_10,balcony,10,2
balcony_d_7_10,balcony,10,2
balcony_d_5_10,balcony,10,2
balcony_d_4_10,balcony,10,2
balcony_d_3_10,balcony,10,2
balcony_d_2_10,balcony,10,2
balcony_d_1_10,balcony,10,2
balcony_d_9_17,balcony,10,1
balcony_d_9_3,balcony,10,2
balcony_d_9_13,balcony,10,1
balcony_d_9_2,balcony,10,1
balcony_d_9_1,balcony,10,1
balcony_d_9_11,balcony,10,1
balcony_d_9_12,balcony,10,2
balcony_d_7_20,balcony,10,3
balcony_d_7_8,balcony,10,3
balcony_d_8_17,balcony,10,1
balcony_d_8_3,balcony,10,2
balcony_d_8_11,balcony,10,1
balcony_d_8_12,balcony,10,2
balcony_d_8_13,balcony,10,1
balcony_d_8_2,balcony,10,1
balcony_d_8_1,balcony,10,1
balcony_d_1_20,balcony,10,3
balcony_d_1_8,balcony,10,3
balcony_d_2_20,balcony,10,3
balcony_d_2_8,balcony,10,3
balcony_d_3_20,balcony,10,3
balcony_d_3_8,balcony,10,3
balcony_d_4_20,balcony,10,3
balcony_d_4_8,balcony,10,3
balcony_d_5_20,balcony,10,3
balcony_d_5_8,balcony,10,3
balcony_d_7_11,balcony,10,1
balcony_d_5_11,balcony,10,1
balcony_d_4_11,balcony,10,1
balcony_d_3_11,balcony,10,1
balcony_d_2_11,balcony,10,1
balcony_d_1_11,balcony,10,1
balcony_d_7_17,balcony,10,1
balcony_d_7_3,balcony,10,2
balcony_d_7_12,balcony,10,2
balcony_d_7_13,balcony,10,1
balcony_d_7_2,balcony,10,1
balcony_d_7_1,balcony,10,1
balcony_d_1_17,balcony,10,1
balcony_d_1_3,balcony,10,2
balcony_d_1_12,balcony,10,2
balcony_d_1_13,balcony,10,1
balcony_d_1_2,balcony,10,1
balcony_d_1_1,balcony,10,1
balcony_d_2_17,balcony,10,1
balcony_d_2_3,balcony,10,2
balcony_d_2_12,balcony,10,2
balcony_d_2_13,balcony,10,1
balcony_d_2_2,balcony,10,1
balcony_d_2_1,balcony,10,1
balcony_d_3_17,balcony,10,1
balcony_d_3_3,balcony,10,2
balcony_d_3_12,balcony,10,2
balcony_d_3_13,balcony,10,1
balcony_d_3_2,balcony,10,1
balcony_d_3_1,balcony,10,1
balcony_d_4_17,balcony,10,1
balcony_d_4_3,balcony,10,2
balcony_d_4_12,balcony,10,2
balcony_d_4_13,balcony,10,1
balcony_d_4_2,balcony,10,1
balcony_d_4_1,balcony,10,1
balcony_d_5_17,balcony,10,1
balcony_d_5_3,balcony,10,2
balcony_d_5_12,balcony,10,2
balcony_d_5_13,balcony,10,1
balcony_d_5_2,balcony,10,1
balcony_d_5_1,balcony,10,1
corridor_d_9_1,corridor,10,1
corridor_d_9_9,corridor,10,2
corridor_d_8_9,corridor,10,2
corridor_d_8_1,corridor,10,1
corridor_d_9_8,corridor,10,1
corridor_d_9_3,corridor,10,2
corridor_d_7_9,corridor,10,2
corridor_d_7_1,corridor,10,1
corridor_d_8_3,corridor,10,2
corridor_d_8_8,corridor,10,1
corridor_d_1_9,corridor,10,2
corridor_d_1_1,corridor,10,1
corridor_d_2_9,corridor,10,2
corridor_d_2_1,corridor,10,1
corridor_d_3_9,corridor,10,2
corridor_d_3_1,corridor,10,1
corridor_d_4_9,corridor,10,2
corridor_d_4_1,corridor,10,1
corridor_d_5_9,corridor,10,2
corridor_d_5_1,corridor,10,1
corridor_d_9_7,corridor,10,2
corridor_d_9_13,corridor,10,1
corridor_d_7_3,corridor,10,2
corridor_d_7_8,corridor,10,1
corridor_d_8_13,corridor,10,1
corridor_d_8_7,corridor,10,2
corridor_d_1_3,corridor,10,2
corridor_d_1_8,corridor,10,1
corridor_d_2_3,corridor,10,2
corridor_d_2_8,corridor,10,1
corridor_d_3_3,corridor,10,2
corridor_d_3_8,corridor,10,1
corridor_d_4_3,corridor,10,2
corridor_d_4_8,corridor,10,1
corridor_d_5_3,corridor,10,2
corridor_d_5_8,corridor,10,1
corridor_d_7_13,corridor,10,1
corridor_d_7_7,corridor,10,2
corridor_d_1_13,corridor,10,1
corridor_d_1_7,corridor,10,2
corridor_d_2_13,corridor,10,1
corridor_d_2_7,corridor,10,2
corridor_d_3_13,corridor,10,1
corridor_d_3_7,corridor,10,2
corridor_d_4_13,corridor,10,1
corridor_d_4_7,corridor,10,2
corridor_d_5_13,corridor,10,1
corridor_d_5_7,corridor,10,2
balcony_d_9_19,balcony,11,2
balcony_d_9_7,balcony,11,2
balcony_d_8_19,balcony,11,2
balcony_d_8_7,balcony,11,2
balcony_d_9_6,balcony,11,2
balcony_d_7_19,balcony,11,2
balcony_d_7_7,balcony,11,2
balcony_d_8_6,balcony,11,2
balcony_d_1_19,balcony,11,2
balcony_d_1_7,balcony,11,2
balcony_d_2_19,balcony,11,2
balcony_d_2_7,balcony,11,2
balcony_d_3_19,balcony,11,2
balcony_d_3_7,balcony,11,2
balcony_d_4_19,balcony,11,2
balcony_d_4_7,balcony,11,2
balcony_d_5_19,balcony,11,2
balcony_d_5_7,balcony,11,2
balcony_d_9_4,balcony,11,2
balcony_d_7_6,balcony,11,2
balcony_d_8_4,balcony,11,2
balcony_d_1_6,balcony,11,2
balcony_d_2_6,balcony,11,2
balcony_d_3_6,balcony,11,2
balcony_d_4_6,balcony,11,2
balcony_d_5_6,balcony,11,2
balcony_d_7_4,balcony,11,2
balcony_d_1_4,balcony,11,2
balcony_d_2_4,balcony,11,2
balcony_d_3_4,balcony,11,2
balcony_d_4_4,balcony,11,2
balcony_d_5_4,balcony,11,2
corridor_d_9_4,corridor,11,2
corridor_d_8_4,corridor,11,2
corridor_d_7_4,corridor,11,2
corridor_d_1_4,corridor,11,2
corridor_d_2_4,corridor,11,2
corridor_d_3_4,corridor,11,2
corridor_d_4_4,corridor,11,2
corridor_d_5_4,corridor,11,2
balcony_d_9_9,balcony,12,1
balcony_d_8_9,balcony,12,1
balcony_d_9_18,balcony,12,1
balcony_d_1_9,balcony,12,1
balcony_d_7_9,balcony,12,1
balcony_d_5_9,balcony,12,1
balcony_d_4_9,balcony,12,1
balcony_d_3_9,balcony,12,1
balcony_d_2_9,balcony,12,1
balcony_d_8_18,balcony,12,1
balcony_d_9_5,balcony,12,1
balcony_d_7_18,balcony,12,1
balcony_d_8_5,balcony,12,1
balcony_d_1_18,balcony,12,1
balcony_d_2_18,balcony,12,1
balcony_d_3_18,balcony,12,1
balcony_d_4_18,balcony,12,1
balcony_d_5_18,balcony,12,1
balcony_d_7_5,balcony,12,1
balcony_d_1_5,balcony,12,1
balcony_d_2_5,balcony,12,1
balcony_d_3_5,balcony,12,1
balcony_d_4_5,balcony,12,1
balcony_d_5_5,balcony,12,1
corridor_d_9_5,corridor,12,1
corridor_d_8_5,corridor,12,1
corridor_d_9_6,corridor,12,1
corridor_d_7_5,corridor,12,1
corridor_d_8_6,corridor,12,1
corridor_d_1_5,corridor,12,1
corridor_d_2_5,corridor,12,1
corridor_d_3_5,corridor,12,1
corridor_d_4_5,corridor,12,1
corridor_d_5_5,corridor,12,1
corridor_d_7_6,corridor,12,1
corridor_d_1_6,corridor,12,1
corridor_d_2_6,corridor,12,1
corridor_d_3_6,corridor,12,1
corridor_d_4_6,corridor,12,1
corridor_d_5_6,corridor,12,1
