graph_id,node_id,label,train_mask,val_mask,test_mask,feat_feature_00,feat_feature_01,feat_feature_02,feat_feature_03,feat_feature_04,X,Y,Z
0,0,0,True,False,False,0.0,0.0,0.0,1.0,0.0,72.681709,81.428566,1.9
0,1,0,True,False,False,0.0,0.0,0.0,1.0,0.0,25.97479,46.934458,1.9
0,2,0,True,False,False,0.0,0.0,0.0,1.0,0.0,99.237221,32.036996,1.9
0,3,0,True,False,False,0.0,0.0,0.0,1.0,0.0,64.779722,59.419609,5.7
0,4,0,True,False,False,0.0,0.0,0.0,1.0,0.0,29.194963,21.261208,5.7
0,5,0,True,False,False,0.0,0.0,0.0,1.0,0.0,22.754617,13.925993,9.5
0,6,0,True,False,False,1.0,0.0,0.0,0.0,0.0,43.16876,88.317322,-3.0
0,7,0,True,False,False,0.0,0.0,0.0,1.0,0.0,64.779722,62.594205,1.9
0,8,0,True,False,False,0.0,0.0,0.0,1.0,0.0,74.440242,53.070414,5.7
0,9,0,True,False,False,1.0,0.0,0.0,0.0,0.0,76.971477,66.538713,-3.0
0,10,0,True,False,False,0.0,0.0,0.0,1.0,0.0,83.136357,32.036996,13.3
0,11,0,True,False,False,0.0,0.0,0.0,1.0,0.0,71.220069,43.546619,5.7
0,12,0,True,False,False,0.0,0.0,1.0,0.0,0.0,35.081802,46.721218,9.5
0,13,0,True,False,False,0.0,0.0,0.0,1.0,0.0,59.974565,78.762569,1.9
0,14,0,True,False,False,0.0,0.0,0.0,1.0,0.0,89.576702,32.036996,1.9
0,15,0,True,False,False,1.0,0.0,0.0,0.0,0.0,85.422157,15.721958,-3.0
0,16,0,True,False,False,0.0,0.0,0.0,1.0,0.0,63.021193,81.428566,9.5
0,17,0,True,False,False,0.0,0.0,0.0,0.0,1.0,65.635946,75.932595,9.5
0,18,0,True,False,False,0.0,0.0,0.0,1.0,0.0,22.754617,13.925992,1.9
0,19,0,True,False,False,0.0,0.0,0.0,1.0,0.0,19.534443,21.261207,5.7
0,20,0,True,False,False,0.0,0.0,0.0,1.0,0.0,76.69601,32.036996,1.9
0,21,0,True,False,False,0.0,0.0,0.0,1.0,0.0,86.356529,21.034175,9.5
0,22,0,True,False,False,0.0,0.0,0.0,1.0,0.0,19.534443,17.5936,1.9
0,23,0,True,False,False,1.0,0.0,0.0,0.0,0.0,68.520798,30.241032,-3.0
0,24,0,True,False,False,0.0,0.0,0.0,1.0,0.0,99.237221,24.701782,13.3
0,25,0,True,False,False,1.0,0.0,0.0,0.0,0.0,26.267402,73.798248,-3.0
0,26,0,True,False,False,0.0,0.0,0.0,1.0,0.0,31.780201,17.5936,1.9
0,27,0,True,False,False,0.0,0.0,0.0,1.0,0.0,105.30817,21.034175,13.3
0,28,0,True,False,False,0.0,0.0,0.0,1.0,0.0,105.30817,32.036996,5.7
0,29,0,True,False,False,1.0,0.0,0.0,0.0,0.0,26.267402,81.057785,-3.0
0,30,0,True,False,False,0.0,0.0,0.0,1.0,0.0,29.194963,21.261207,1.9
0,31,0,True,False,False,0.0,0.0,0.0,1.0,0.0,86.356529,28.369388,5.7
0,32,0,True,False,False,0.0,0.0,0.0,1.0,0.0,79.916183,28.369388,9.5
0,33,0,True,False,False,0.0,1.0,0.0,0.0,0.0,39.087832,42.548053,2.783456
0,34,0,True,False,False,0.0,0.0,0.0,1.0,0.0,76.69601,28.369388,1.9
0,35,0,True,False,False,0.0,0.0,0.0,1.0,0.0,31.780201,28.596421,5.7
0,36,0,True,False,False,0.0,0.0,0.0,1.0,0.0,92.796875,24.701782,9.5
0,37,0,True,False,False,0.0,0.0,0.0,1.0,0.0,75.901882,81.428566,1.9
0,38,0,True,False,False,0.0,0.0,0.0,1.0,0.0,59.974566,81.428566,9.5
0,39,0,True,False,False,0.0,0.0,0.0,1.0,0.0,64.779723,68.943401,1.9
0,40,0,True,False,False,0.0,1.0,0.0,0.0,0.0,52.541252,47.80114,2.783456
0,41,0,True,False,False,0.0,0.0,0.0,1.0,0.0,105.30817,28.369388,9.5
0,42,0,True,False,False,0.0,0.0,0.0,1.0,0.0,64.779722,43.546619,5.7
0,43,0,True,False,False,0.0,0.0,0.0,1.0,0.0,72.681709,78.762569,13.3
0,44,0,True,False,False,0.0,0.0,0.0,1.0,0.0,66.241364,74.529693,5.7
0,45,0,True,False,False,0.0,0.0,0.0,1.0,0.0,63.815319,21.034175,9.5
0,46,0,True,False,False,0.0,0.0,0.0,1.0,0.0,67.999897,43.546619,1.9
0,47,0,True,False,False,0.0,0.0,0.0,1.0,0.0,16.314271,39.599241,1.9
0,48,0,True,False,False,0.0,0.0,0.0,1.0,0.0,63.021193,74.529694,9.5
0,49,0,True,False,False,1.0,0.0,0.0,0.0,0.0,9.366043,52.019642,-3.0
0,50,0,True,False,False,1.0,0.0,0.0,0.0,0.0,93.872837,66.538713,-3.0
0,51,0,True,False,False,0.0,0.0,0.0,1.0,0.0,86.356529,28.369388,1.9
0,52,0,True,False,False,0.0,0.0,0.0,1.0,0.0,83.136357,24.701782,9.5
0,53,0,True,False,False,0.0,0.0,0.0,1.0,0.0,105.308171,28.369389,13.3
0,54,0,True,False,False,0.0,0.0,1.0,0.0,0.0,35.081802,43.546619,9.5
0,55,0,True,False,False,0.0,0.0,0.0,1.0,0.0,72.681709,74.529693,5.7
0,56,0,True,False,False,0.0,0.0,0.0,1.0,0.0,67.999897,46.721218,13.3
0,57,0,True,False,False,0.0,0.0,0.0,1.0,0.0,29.194964,17.5936,13.3
0,58,0,True,False,False,0.0,0.0,1.0,0.0,0.0,58.339377,46.721218,9.5
0,59,0,True,False,False,1.0,0.0,0.0,0.0,0.0,110.774197,59.279179,-3.0
0,60,0,True,False,False,1.0,0.0,0.0,0.0,0.0,17.816723,81.057785,-3.0
0,61,0,True,False,False,0.0,0.0,0.0,1.0,0.0,59.974565,78.76257,17.1
0,62,0,True,False,False,1.0,0.0,0.0,0.0,0.0,76.971478,8.462421,-3.0
0,63,0,True,False,False,0.0,0.0,0.0,1.0,0.0,92.796875,28.369388,1.9
0,64,0,True,False,False,0.0,0.0,0.0,1.0,0.0,22.754617,43.266849,13.3
0,65,0,True,False,False,0.0,0.0,0.0,1.0,0.0,29.194964,46.934458,9.5
0,66,0,True,False,False,0.0,0.0,0.0,1.0,0.0,63.021192,71.863697,5.7
0,67,0,True,False,False,0.0,0.0,1.0,0.0,0.0,55.119203,46.721218,13.3
0,68,0,True,False,False,0.0,0.0,0.0,1.0,0.0,19.534444,32.264029,1.9
0,69,0,True,False,False,0.0,0.0,0.0,0.0,1.0,28.560028,36.919175,9.0
0,70,0,True,False,False,0.0,0.0,0.0,1.0,0.0,69.461536,81.428566,17.1
0,71,0,True,False,False,0.0,0.0,0.0,1.0,0.0,74.440242,43.546619,1.9
0,72,0,True,False,False,1.0,0.0,0.0,0.0,0.0,17.816723,8.462421,-3.0
0,73,0,True,False,False,0.0,0.0,0.0,1.0,0.0,102.457393,32.036996,5.7
0,74,0,True,False,False,0.0,0.0,1.0,0.0,0.0,61.55955,43.54662,13.3
0,75,0,True,False,False,0.0,0.0,0.0,1.0,0.0,76.781151,46.721218,9.5
0,76,0,True,False,False,0.0,0.0,0.0,1.0,0.0,60.595145,21.034175,1.9
0,77,0,True,False,False,1.0,0.0,0.0,0.0,0.0,26.267402,37.500568,-3.0
0,78,0,True,False,False,0.0,0.0,0.0,1.0,0.0,19.534443,28.596421,5.7
0,79,0,True,False,False,1.0,0.0,0.0,0.0,0.0,93.872837,8.462421,-3.0
0,80,0,True,False,False,1.0,0.0,0.0,0.0,0.0,85.422157,88.317322,-3.0
0,81,0,True,False,False,0.0,0.0,0.0,1.0,0.0,31.780201,46.934458,13.3
0,82,0,True,False,False,0.0,0.0,0.0,1.0,0.0,25.97479,32.264029,13.3
0,83,0,True,False,False,0.0,0.0,0.0,1.0,0.0,72.681709,71.863697,9.5
0,84,0,True,False,False,0.0,0.0,0.0,1.0,0.0,69.461536,71.863697,17.1
0,85,0,True,False,False,0.0,0.0,0.0,1.0,0.0,99.23722,32.036996,9.5
0,86,0,True,False,False,1.0,0.0,0.0,0.0,0.0,43.16876,52.019642,-3.0
0,87,0,True,False,False,1.0,0.0,0.0,0.0,0.0,17.816723,37.500568,-3.0
0,88,0,True,False,False,0.0,0.0,0.0,0.0,1.0,70.340804,37.91506,7.6
0,89,0,True,False,False,0.0,0.0,0.0,1.0,0.0,31.780201,46.934458,1.9
0,90,0,True,False,False,1.0,0.0,0.0,0.0,0.0,110.774197,88.317322,-3.0
0,91,0,True,False,False,0.0,0.0,0.0,1.0,0.0,77.386951,59.419609,1.9
0,92,0,True,False,False,1.0,0.0,0.0,0.0,0.0,51.61944,37.500568,-3.0
0,93,0,True,False,False,0.0,0.0,0.0,1.0,0.0,67.035492,21.034175,9.5
0,94,0,True,False,False,0.0,0.0,0.0,1.0,0.0,60.595145,21.034175,5.7
0,95,0,True,False,False,0.0,0.0,0.0,1.0,0.0,25.974791,46.934458,9.5
0,96,0,True,False,False,0.0,0.0,0.0,1.0,0.0,96.017048,28.369388,9.5
0,97,0,True,False,False,0.0,0.0,0.0,1.0,0.0,102.457394,21.034175,13.3
0,98,0,True,False,False,0.0,0.0,0.0,1.0,0.0,66.241363,78.762569,5.7
0,99,0,True,False,False,0.0,0.0,0.0,1.0,0.0,16.314271,32.264028,1.9
0,100,0,True,False,False,0.0,0.0,0.0,1.0,0.0,29.194963,43.266849,1.9
0,101,0,True,False,False,0.0,0.0,0.0,1.0,0.0,92.796875,32.036996,13.3
0,102,0,True,False,False,1.0,0.0,0.0,0.0,0.0,34.71808,52.019642,-3.0
0,103,0,True,False,False,0.0,0.0,0.0,1.0,0.0,60.595145,28.369388,13.3
0,104,0,True,False,False,0.0,0.0,0.0,1.0,0.0,69.461536,71.863697,5.7
0,105,0,True,False,False,0.0,1.0,0.0,0.0,0.0,39.087832,47.80114,2.783456
0,106,0,True,False,False,0.0,0.0,0.0,1.0,0.0,92.796875,32.036996,1.9
0,107,0,True,False,False,0.0,0.0,0.0,1.0,0.0,71.220069,59.419609,5.7
0,108,0,True,False,False,0.0,0.0,0.0,1.0,0.0,76.69601,24.701782,5.7
0,109,0,True,False,False,0.0,0.0,0.0,1.0,0.0,70.255664,32.036996,5.7
0,110,0,True,False,False,0.0,0.0,0.0,1.0,0.0,89.576702,24.701782,5.7
0,111,0,True,False,False,0.0,0.0,0.0,1.0,0.0,63.021192,81.428566,1.9
0,112,0,True,False,False,1.0,0.0,0.0,0.0,0.0,9.366043,66.538713,-3.0
0,113,0,True,False,False,0.0,0.0,0.0,1.0,0.0,75.901883,71.863697,5.7
0,114,0,True,False,False,0.0,0.0,0.0,1.0,0.0,75.901882,81.428566,9.5
0,115,0,True,False,False,0.0,0.0,0.0,1.0,0.0,31.780201,28.596421,1.9
0,116,0,True,False,False,0.0,0.0,0.0,0.0,1.0,47.962494,40.849919,10.383456
0,117,0,True,False,False,0.0,0.0,0.0,1.0,0.0,89.576702,21.034175,5.7
0,118,0,True,False,False,0.0,0.0,0.0,1.0,0.0,92.796875,32.036996,9.5
0,119,0,True,False,False,0.0,0.0,0.0,1.0,0.0,74.440242,46.721218,9.5
0,120,0,True,False,False,0.0,0.0,0.0,1.0,0.0,63.815319,24.701782,9.5
0,121,0,True,False,False,1.0,0.0,0.0,0.0,0.0,9.366043,15.721958,-3.0
0,122,0,True,False,False,0.0,0.0,0.0,1.0,0.0,72.68171,81.428566,17.1
0,123,0,True,False,False,0.0,0.0,0.0,1.0,0.0,74.440242,46.721218,13.3
0,124,0,True,False,False,1.0,0.0,0.0,0.0,0.0,76.971478,30.241032,-3.0
0,125,0,True,False,False,1.0,0.0,0.0,0.0,0.0,110.774197,44.760106,-3.0
0,126,0,True,False,False,0.0,0.0,0.0,1.0,0.0,22.754617,13.925993,13.3
0,127,0,True,False,False,0.0,0.0,0.0,1.0,0.0,86.356529,24.701782,1.9
0,128,0,True,False,False,0.0,0.0,0.0,1.0,0.0,76.69601,24.701782,13.3
0,129,0,True,False,False,1.0,0.0,0.0,0.0,0.0,76.971478,22.981495,-3.0
0,130,0,True,False,False,0.0,0.0,0.0,1.0,0.0,63.021192,74.529693,13.3
0,131,0,True,False,False,0.0,0.0,0.0,1.0,0.0,16.31427,13.925992,1.9
0,132,0,True,False,False,0.0,0.0,0.0,1.0,0.0,71.220069,56.24501,5.7
0,133,0,True,False,False,1.0,0.0,0.0,0.0,0.0,110.774197,73.798249,-3.0
0,134,0,True,False,False,0.0,0.0,0.0,1.0,0.0,69.461537,71.863697,13.3
0,135,0,True,False,False,0.0,0.0,0.0,1.0,0.0,60.595145,32.036996,9.5
0,136,0,True,False,False,0.0,0.0,0.0,1.0,0.0,22.754618,43.26685,9.5
0,137,0,True,False,False,0.0,0.0,0.0,1.0,0.0,19.534444,39.599241,9.5
0,138,0,True,False,False,0.0,0.0,0.0,1.0,0.0,19.534444,28.596421,1.9
0,139,0,True,False,False,0.0,0.0,0.0,1.0,0.0,75.901882,74.529693,5.7
0,140,0,True,False,False,0.0,0.0,0.0,1.0,0.0,102.457393,24.701782,5.7
0,141,0,True,False,False,0.0,0.0,0.0,1.0,0.0,63.021193,78.762569,13.3
0,142,0,True,False,False,0.0,0.0,0.0,1.0,0.0,19.534444,46.934458,9.5
0,143,0,True,False,False,0.0,0.0,1.0,0.0,0.0,39.01834,46.721218,13.3
0,144,0,True,False,False,0.0,0.0,0.0,1.0,0.0,76.781151,43.546619,1.9
0,145,0,True,False,False,0.0,0.0,0.0,1.0,0.0,16.31427,13.925992,5.7
0,146,0,True,False,False,0.0,0.0,0.0,1.0,0.0,74.440242,65.768802,5.7
0,147,0,True,False,False,0.0,0.0,0.0,1.0,0.0,77.386952,62.594206,5.7
0,148,0,True,False,False,0.0,0.0,0.0,1.0,0.0,31.780201,43.26685,9.5
0,149,0,True,False,False,0.0,0.0,0.0,1.0,0.0,16.31427,21.261207,1.9
0,150,0,True,False,False,0.0,0.0,0.0,1.0,0.0,59.974565,81.428566,5.7
0,151,0,True,False,False,0.0,0.0,0.0,1.0,0.0,79.916184,28.369388,13.3
0,152,0,True,False,False,0.0,0.0,0.0,1.0,0.0,64.779723,53.070414,1.9
0,153,0,True,False,False,0.0,0.0,0.0,1.0,0.0,29.194963,43.26685,9.5
0,154,0,True,False,False,0.0,0.0,0.0,1.0,0.0,31.780201,46.934458,9.5
0,155,0,True,False,False,1.0,0.0,0.0,0.0,0.0,93.872837,88.317322,-3.0
0,156,0,True,False,False,0.0,0.0,0.0,1.0,0.0,60.595144,28.369388,9.5
0,157,0,True,False,False,1.0,0.0,0.0,0.0,0.0,68.520798,8.462421,-3.0
0,158,0,True,False,False,0.0,0.0,1.0,0.0,0.0,42.238512,43.54662,6.583456
0,159,0,True,False,False,0.0,0.0,0.0,1.0,0.0,66.241363,81.428566,17.1
0,160,0,True,False,False,0.0,0.0,1.0,0.0,0.0,51.899031,43.54662,13.3
0,161,0,True,False,False,0.0,0.0,0.0,1.0,0.0,67.035492,32.036996,9.5
0,162,0,True,False,False,0.0,0.0,0.0,1.0,0.0,71.220069,46.721218,1.9
0,163,0,True,False,False,0.0,0.0,0.0,1.0,0.0,25.97479,46.934458,13.3
0,164,0,True,False,False,0.0,0.0,0.0,1.0,0.0,72.68171,74.529694,1.9
0,165,0,True,False,False,0.0,0.0,0.0,1.0,0.0,72.681709,78.76257,9.5
0,166,0,True,False,False,0.0,0.0,0.0,1.0,0.0,29.194964,17.5936,5.7
0,167,0,True,False,False,0.0,0.0,0.0,1.0,0.0,83.136357,24.701782,13.3
0,168,0,True,False,False,0.0,0.0,0.0,1.0,0.0,105.30817,32.036996,1.9
0,169,0,True,False,False,0.0,0.0,0.0,1.0,0.0,102.457394,32.036996,1.9
0,170,0,True,False,False,0.0,0.0,0.0,1.0,0.0,31.780201,32.264028,13.3
0,171,0,True,False,False,0.0,0.0,0.0,1.0,0.0,29.194964,28.596421,9.5
0,172,0,True,False,False,0.0,0.0,0.0,1.0,0.0,16.31427,35.931635,9.5
0,173,0,True,False,False,0.0,0.0,0.0,1.0,0.0,70.255665,21.034175,5.7
0,174,0,True,False,False,0.0,0.0,0.0,1.0,0.0,76.781151,43.546619,13.3
0,175,0,True,False,False,1.0,0.0,0.0,0.0,0.0,85.422157,30.241032,-3.0
0,176,0,True,False,False,1.0,0.0,0.0,0.0,0.0,34.71808,59.279179,-3.0
0,177,0,True,False,False,0.0,0.0,0.0,1.0,0.0,31.780201,32.264028,5.7
0,178,0,True,False,False,0.0,0.0,0.0,1.0,0.0,67.035492,21.034175,5.7
0,179,0,True,False,False,0.0,0.0,0.0,1.0,0.0,63.815319,21.034175,5.7
0,180,0,True,False,False,0.0,0.0,0.0,1.0,0.0,102.457393,28.369388,13.3
0,181,0,True,False,False,0.0,0.0,0.0,1.0,0.0,86.356529,21.034175,1.9
0,182,0,True,False,False,0.0,0.0,1.0,0.0,0.0,35.081803,43.546619,6.583456
0,183,0,True,False,False,0.0,0.0,0.0,1.0,0.0,66.241364,78.762569,17.1
0,184,0,True,False,False,0.0,0.0,0.0,1.0,0.0,25.97479,46.934458,5.7
0,185,0,True,False,False,0.0,0.0,0.0,1.0,0.0,25.97479,32.264028,1.9
0,186,0,True,False,False,0.0,0.0,0.0,1.0,0.0,99.23722,32.036996,5.7
0,187,0,True,False,False,0.0,0.0,0.0,1.0,0.0,75.901882,78.76257,1.9
0,188,0,True,False,False,0.0,0.0,0.0,1.0,0.0,92.796875,28.369388,5.7
0,189,0,True,False,False,0.0,0.0,0.0,1.0,0.0,72.681709,78.76257,5.7
0,190,0,True,False,False,0.0,0.0,0.0,1.0,0.0,66.241364,78.762569,13.3
0,191,0,True,False,False,0.0,0.0,1.0,0.0,0.0,55.119204,43.546619,13.3
0,192,0,True,False,False,1.0,0.0,0.0,0.0,0.0,93.872837,73.798248,-3.0
0,193,0,True,False,False,1.0,0.0,0.0,0.0,0.0,102.323517,22.981495,-3.0
0,194,0,True,False,False,1.0,0.0,0.0,0.0,0.0,51.61944,52.019642,-3.0
0,195,0,True,False,False,0.0,0.0,0.0,1.0,0.0,70.255664,32.036996,13.3
0,196,0,True,False,False,0.0,0.0,0.0,1.0,0.0,73.475838,28.369388,1.9
0,197,0,True,False,False,0.0,0.0,0.0,1.0,0.0,60.595144,28.369388,1.9
0,198,0,True,False,False,0.0,0.0,0.0,1.0,0.0,92.796875,28.369388,13.3
0,199,0,True,False,False,0.0,0.0,0.0,1.0,0.0,72.681709,81.428566,5.7
0,200,0,True,False,False,0.0,0.0,0.0,1.0,0.0,83.136357,21.034175,9.5
0,201,0,True,False,False,0.0,0.0,0.0,1.0,0.0,25.974791,24.928814,5.7
0,202,0,True,False,False,0.0,0.0,0.0,1.0,0.0,31.780201,24.928814,13.3
0,203,0,True,False,False,1.0,0.0,0.0,0.0,0.0,26.267402,30.241031,-3.0
0,204,0,True,False,False,0.0,0.0,0.0,1.0,0.0,25.974791,24.928814,9.5
0,205,0,True,False,False,0.0,0.0,0.0,1.0,0.0,99.237221,28.369388,1.9
0,206,0,True,False,False,0.0,0.0,1.0,0.0,0.0,58.339377,43.546619,13.3
0,207,0,True,False,False,0.0,0.0,0.0,1.0,0.0,96.017048,28.369388,5.7
0,208,0,True,False,False,0.0,0.0,0.0,1.0,0.0,89.576702,21.034175,13.3
0,209,0,True,False,False,0.0,0.0,0.0,1.0,0.0,79.916184,28.369389,1.9
0,210,0,True,False,False,0.0,0.0,1.0,0.0,0.0,42.238512,46.721218,6.583456
0,211,0,True,False,False,0.0,0.0,0.0,1.0,0.0,31.780201,28.596421,9.5
0,212,0,True,False,False,0.0,0.0,0.0,1.0,0.0,83.136356,24.701782,5.7
0,213,0,True,False,False,1.0,0.0,0.0,0.0,0.0,9.366043,44.760106,-3.0
0,214,0,True,False,False,0.0,0.0,0.0,1.0,0.0,67.999897,56.245011,5.7
0,215,0,True,False,False,0.0,0.0,0.0,1.0,0.0,16.31427,35.931635,1.9
0,216,0,True,False,False,0.0,0.0,0.0,1.0,0.0,29.194964,13.925993,9.5
0,217,0,True,False,False,0.0,0.0,0.0,1.0,0.0,74.440242,68.943401,5.7
0,218,0,True,False,False,1.0,0.0,0.0,0.0,0.0,9.366043,88.317322,-3.0
0,219,0,True,False,False,1.0,0.0,0.0,0.0,0.0,60.070118,15.721958,-3.0
0,220,0,True,False,False,0.0,0.0,0.0,1.0,0.0,89.576702,24.701782,9.5
0,221,0,True,False,False,0.0,0.0,0.0,1.0,0.0,29.194963,13.925992,1.9
0,222,0,True,False,False,0.0,0.0,0.0,1.0,0.0,69.461536,78.76257,1.9
0,223,0,True,False,False,0.0,0.0,0.0,1.0,0.0,63.021193,78.76257,9.5
0,224,0,True,False,False,0.0,0.0,0.0,1.0,0.0,99.23722,28.369388,5.7
0,225,0,True,False,False,0.0,0.0,0.0,1.0,0.0,66.241364,81.428566,13.3
0,226,0,True,False,False,0.0,0.0,0.0,1.0,0.0,25.974791,17.5936,9.5
0,227,0,True,False,False,0.0,0.0,0.0,1.0,0.0,96.017048,21.034175,13.3
0,228,0,True,False,False,0.0,0.0,0.0,1.0,0.0,16.31427,46.934458,1.9
0,229,0,True,False,False,0.0,0.0,1.0,0.0,0.0,45.458684,43.546619,13.3
0,230,0,True,False,False,0.0,0.0,0.0,1.0,0.0,66.241364,74.529693,17.1
0,231,0,True,False,False,0.0,0.0,0.0,1.0,0.0,63.021192,78.76257,5.7
0,232,0,True,False,False,1.0,0.0,0.0,0.0,0.0,102.323517,73.798248,-3.0
0,233,0,True,False,False,0.0,0.0,0.0,1.0,0.0,29.194964,32.264029,13.3
0,234,0,True,False,False,0.0,0.0,0.0,1.0,0.0,63.815319,32.036996,1.9
0,235,0,True,False,False,1.0,0.0,0.0,0.0,0.0,93.872837,81.057785,-3.0
0,236,0,True,False,False,0.0,0.0,0.0,1.0,0.0,63.021193,81.428566,17.1
0,237,0,True,False,False,0.0,0.0,0.0,1.0,0.0,67.035491,24.701782,5.7
0,238,0,True,False,False,0.0,0.0,0.0,1.0,0.0,79.916183,32.036996,1.9
0,239,0,True,False,False,0.0,0.0,0.0,1.0,0.0,73.475837,24.701782,1.9
0,240,0,True,False,False,0.0,0.0,0.0,1.0,0.0,75.901882,81.428566,17.1
0,241,0,True,False,False,0.0,0.0,0.0,1.0,0.0,29.194963,17.5936,1.9
0,242,0,True,False,False,0.0,0.0,0.0,1.0,0.0,22.754618,46.934458,5.7
0,243,0,True,False,False,0.0,0.0,1.0,0.0,0.0,39.018339,46.721218,6.583456
0,244,0,True,False,False,0.0,0.0,0.0,1.0,0.0,89.576702,28.369389,13.3
0,245,0,True,False,False,0.0,0.0,0.0,1.0,0.0,69.461536,78.76257,13.3
0,246,0,True,False,False,1.0,0.0,0.0,0.0,0.0,17.816723,52.019642,-3.0
0,247,0,True,False,False,0.0,0.0,0.0,1.0,0.0,67.999897,65.768802,1.9
0,248,0,True,False,False,0.0,0.0,0.0,1.0,0.0,67.999897,49.895816,5.7
0,249,0,True,False,False,0.0,0.0,0.0,1.0,0.0,64.779722,68.943401,5.7
0,250,0,True,False,False,0.0,0.0,0.0,1.0,0.0,74.440242,46.721218,5.7
0,251,0,True,False,False,0.0,0.0,0.0,1.0,0.0,77.386951,49.895817,1.9
0,252,0,True,False,False,0.0,0.0,0.0,1.0,0.0,22.754617,13.925992,5.7
0,253,0,True,False,False,0.0,0.0,0.0,1.0,0.0,76.69601,21.034175,13.3
0,254,0,True,False,False,0.0,0.0,0.0,1.0,0.0,66.241363,78.762569,9.5
0,255,0,True,False,False,0.0,0.0,0.0,1.0,0.0,77.386951,56.245011,1.9
0,256,0,True,False,False,0.0,0.0,0.0,1.0,0.0,69.461537,74.529693,5.7
0,257,0,True,False,False,0.0,0.0,0.0,1.0,0.0,67.999897,53.070413,1.9
0,258,0,True,False,False,1.0,0.0,0.0,0.0,0.0,110.774197,8.462421,-3.0
0,259,0,True,False,False,0.0,0.0,0.0,1.0,0.0,59.974565,78.76257,9.5
0,260,0,True,False,False,1.0,0.0,0.0,0.0,0.0,34.71808,66.538714,-3.0
0,261,0,True,False,False,0.0,0.0,0.0,1.0,0.0,60.595144,24.701782,13.3
0,262,0,True,False,False,0.0,0.0,0.0,1.0,0.0,71.220069,43.546619,9.5
0,263,0,True,False,False,0.0,0.0,0.0,1.0,0.0,86.356529,24.701782,9.5
0,264,0,True,False,False,0.0,0.0,1.0,0.0,0.0,39.018339,46.721218,9.5
0,265,0,True,False,False,1.0,0.0,0.0,0.0,0.0,76.971478,81.057785,-3.0
0,266,0,True,False,False,1.0,0.0,0.0,0.0,0.0,76.971477,37.500568,-3.0
0,267,0,True,False,False,0.0,0.0,0.0,1.0,0.0,71.220069,59.419609,1.9
0,268,0,True,False,False,0.0,0.0,0.0,1.0,0.0,31.780201,32.264028,1.9
0,269,0,True,False,False,1.0,0.0,0.0,0.0,0.0,43.16876,44.760105,-3.0
0,270,0,True,False,False,0.0,0.0,1.0,0.0,0.0,35.081802,46.721218,13.3
0,271,0,True,False,False,0.0,0.0,0.0,1.0,0.0,79.916184,24.701782,5.7
0,272,0,True,False,False,0.0,0.0,0.0,1.0,0.0,29.194963,13.925992,5.7
0,273,0,True,False,False,0.0,0.0,0.0,1.0,0.0,74.440242,49.895817,1.9
0,274,0,True,False,False,0.0,0.0,0.0,1.0,0.0,19.534444,13.925992,9.5
0,275,0,True,False,False,0.0,0.0,0.0,1.0,0.0,75.901882,74.529693,17.1
0,276,0,True,False,False,0.0,0.0,0.0,1.0,0.0,79.916183,24.701782,9.5
0,277,0,True,False,False,0.0,0.0,0.0,1.0,0.0,67.999897,56.24501,1.9
0,278,0,True,False,False,1.0,0.0,0.0,0.0,0.0,34.71808,37.500568,-3.0
0,279,0,True,False,False,0.0,0.0,0.0,1.0,0.0,71.220069,65.768802,1.9
0,280,0,True,False,False,0.0,0.0,0.0,1.0,0.0,16.31427,39.599241,5.7
0,281,0,True,False,False,0.0,0.0,0.0,1.0,0.0,69.461536,74.529693,17.1
0,282,0,True,False,False,0.0,0.0,0.0,1.0,0.0,96.017048,28.369389,13.3
0,283,0,True,False,False,0.0,0.0,0.0,1.0,0.0,25.974791,24.928814,1.9
0,284,0,True,False,False,0.0,0.0,0.0,1.0,0.0,19.534443,17.5936,13.3
0,285,0,True,False,False,0.0,0.0,0.0,1.0,0.0,67.035492,21.034175,13.3
0,286,0,True,False,False,0.0,0.0,1.0,0.0,0.0,42.238512,46.721218,13.3
0,287,0,True,False,False,0.0,0.0,0.0,1.0,0.0,19.534444,35.931635,5.7
0,288,0,True,False,False,0.0,0.0,0.0,1.0,0.0,63.815319,32.036996,9.5
0,289,0,True,False,False,1.0,0.0,0.0,0.0,0.0,68.520798,59.279178,-3.0
0,290,0,True,False,False,0.0,0.0,0.0,1.0,0.0,19.534443,39.599241,1.9
0,291,0,True,False,False,0.0,0.0,0.0,1.0,0.0,19.534444,13.925992,13.3
0,292,0,True,False,False,1.0,0.0,0.0,0.0,0.0,60.070118,30.241032,-3.0
0,293,0,True,False,False,0.0,0.0,1.0,0.0,0.0,35.081802,43.546619,13.3
0,294,0,True,False,False,0.0,0.0,1.0,0.0,0.0,45.458684,46.721218,13.3
0,295,0,True,False,False,0.0,0.0,0.0,1.0,0.0,25.97479,43.26685,5.7
0,296,0,True,False,False,0.0,0.0,0.0,1.0,0.0,16.314271,39.599241,9.5
0,297,0,True,False,False,0.0,0.0,0.0,1.0,0.0,89.576702,28.369388,9.5
0,298,0,True,False,False,0.0,0.0,0.0,1.0,0.0,67.035492,32.036996,1.9
0,299,0,True,False,False,0.0,0.0,0.0,1.0,0.0,66.241364,81.428566,9.5
0,300,0,True,False,False,0.0,0.0,0.0,1.0,0.0,19.534443,39.599241,13.3
0,301,0,True,False,False,0.0,0.0,0.0,1.0,0.0,77.386951,68.943401,1.9
0,302,0,True,False,False,1.0,0.0,0.0,0.0,0.0,68.520798,15.721958,-3.0
0,303,0,True,False,False,0.0,0.0,0.0,1.0,0.0,25.97479,21.261207,13.3
0,304,0,True,False,False,0.0,0.0,0.0,1.0,0.0,105.308171,32.036996,13.3
0,305,0,True,False,False,0.0,0.0,0.0,1.0,0.0,102.457394,21.034175,9.5
0,306,0,True,False,False,1.0,0.0,0.0,0.0,0.0,34.71808,73.798249,-3.0
0,307,0,True,False,False,1.0,0.0,0.0,0.0,0.0,51.61944,22.981495,-3.0
0,308,0,True,False,False,0.0,0.0,0.0,1.0,0.0,25.974791,21.261208,9.5
0,309,0,True,False,False,0.0,0.0,0.0,1.0,0.0,22.754617,46.934458,13.3
0,310,0,True,False,False,0.0,0.0,0.0,1.0,0.0,59.974566,78.762569,13.3
0,311,0,True,False,False,0.0,0.0,0.0,1.0,0.0,75.901882,81.428566,5.7
0,312,0,True,False,False,0.0,0.0,0.0,1.0,0.0,77.386951,49.895817,5.7
0,313,0,True,False,False,0.0,0.0,0.0,1.0,0.0,96.017048,32.036996,13.3
0,314,0,True,False,False,0.0,0.0,1.0,0.0,0.0,42.238512,43.54662,9.5
0,315,0,True,False,False,0.0,0.0,0.0,1.0,0.0,16.314271,43.266849,9.5
0,316,0,True,False,False,0.0,0.0,0.0,1.0,0.0,19.534443,43.26685,5.7
0,317,0,True,False,False,1.0,0.0,0.0,0.0,0.0,26.267402,15.721958,-3.0
0,318,0,True,False,False,0.0,0.0,1.0,0.0,0.0,58.339376,46.721218,13.3
0,319,0,True,False,False,0.0,0.0,0.0,1.0,0.0,29.194964,28.596421,13.3
0,320,0,True,False,False,0.0,0.0,0.0,1.0,0.0,29.194963,21.261207,13.3
0,321,0,True,False,False,1.0,0.0,0.0,0.0,0.0,93.872837,37.500569,-3.0
0,322,0,True,False,False,0.0,0.0,0.0,1.0,0.0,66.241364,74.529694,13.3
0,323,0,True,False,False,0.0,0.0,1.0,0.0,0.0,58.339377,43.546619,6.583456
0,324,0,True,False,False,1.0,0.0,0.0,0.0,0.0,9.366043,8.462421,-3.0
0,325,0,True,False,False,0.0,0.0,0.0,1.0,0.0,16.31427,32.264028,13.3
0,326,0,True,False,False,0.0,0.0,1.0,0.0,0.0,55.119203,43.546619,9.5
0,327,0,True,False,False,0.0,0.0,0.0,1.0,0.0,74.440242,59.419609,1.9
0,328,0,True,False,False,0.0,0.0,0.0,1.0,0.0,29.194964,24.928814,13.3
0,329,0,True,False,False,0.0,0.0,0.0,1.0,0.0,60.595144,21.034175,9.5
0,330,0,True,False,False,0.0,0.0,0.0,1.0,0.0,73.475837,32.036996,1.9
0,331,0,True,False,False,0.0,0.0,0.0,1.0,0.0,86.356529,24.701782,5.7
0,332,0,True,False,False,0.0,0.0,0.0,1.0,0.0,29.194964,13.925992,13.3
0,333,0,True,False,False,0.0,0.0,0.0,1.0,0.0,96.017048,24.701782,13.3
0,334,0,True,False,False,0.0,0.0,1.0,0.0,0.0,42.238512,43.54662,13.3
0,335,0,True,False,False,0.0,0.0,0.0,1.0,0.0,77.386951,68.943401,5.7
0,336,0,True,False,False,0.0,0.0,1.0,0.0,0.0,48.678857,43.546619,13.3
0,337,0,True,False,False,1.0,0.0,0.0,0.0,0.0,17.816723,15.721958,-3.0
0,338,0,True,False,False,1.0,0.0,0.0,0.0,0.0,51.61944,44.760106,-3.0
0,339,0,True,False,False,0.0,0.0,0.0,1.0,0.0,60.595144,32.036996,5.7
0,340,0,True,False,False,0.0,0.0,1.0,0.0,0.0,42.238512,46.721218,9.5
0,341,0,True,False,False,0.0,0.0,0.0,1.0,0.0,92.796875,21.034175,5.7
0,342,0,True,False,False,0.0,0.0,0.0,1.0,0.0,67.999897,43.546619,5.7
0,343,0,True,False,False,0.0,0.0,0.0,1.0,0.0,83.136357,32.036996,9.5
0,344,0,True,False,False,0.0,0.0,0.0,1.0,0.0,105.308171,28.369389,5.7
0,345,0,True,False,False,0.0,0.0,0.0,1.0,0.0,70.255664,24.701782,5.7
0,346,0,True,False,False,0.0,0.0,0.0,1.0,0.0,76.781151,43.546619,5.7
0,347,0,True,False,False,1.0,0.0,0.0,0.0,0.0,9.366043,59.279178,-3.0
0,348,0,True,False,False,1.0,0.0,0.0,0.0,0.0,85.422157,73.798248,-3.0
0,349,0,True,False,False,0.0,0.0,0.0,1.0,0.0,64.779722,43.546619,13.3
0,350,0,True,False,False,0.0,0.0,0.0,1.0,0.0,59.974565,78.76257,5.7
0,351,0,True,False,False,0.0,0.0,0.0,1.0,0.0,76.781151,43.546619,9.5
0,352,0,True,False,False,0.0,0.0,0.0,1.0,0.0,72.681709,81.428566,13.3
0,353,0,True,False,False,0.0,0.0,0.0,1.0,0.0,105.30817,21.034175,9.5
0,354,0,True,False,False,0.0,0.0,0.0,1.0,0.0,29.194964,24.928814,9.5
0,355,0,True,False,False,0.0,0.0,0.0,1.0,0.0,73.475837,21.034175,9.5
0,356,0,True,False,False,0.0,0.0,0.0,1.0,0.0,72.681709,74.529694,13.3
0,357,0,True,False,False,1.0,0.0,0.0,0.0,0.0,34.71808,44.760105,-3.0
0,358,0,True,False,False,1.0,0.0,0.0,0.0,0.0,51.61944,30.241031,-3.0
0,359,0,True,False,False,0.0,0.0,0.0,1.0,0.0,25.97479,13.925992,1.9
0,360,0,True,False,False,0.0,0.0,0.0,1.0,0.0,89.576702,21.034175,1.9
0,361,0,True,False,False,0.0,0.0,0.0,1.0,0.0,102.457393,24.701782,9.5
0,362,0,True,False,False,1.0,0.0,0.0,0.0,0.0,17.816723,44.760105,-3.0
0,363,0,True,False,False,0.0,0.0,0.0,1.0,0.0,19.534444,24.928814,13.3
0,364,0,True,False,False,0.0,0.0,0.0,1.0,0.0,102.457394,28.369388,5.7
0,365,0,True,False,False,0.0,0.0,0.0,1.0,0.0,75.901882,78.76257,9.5
0,366,0,True,False,False,1.0,0.0,0.0,0.0,0.0,68.520798,52.019642,-3.0
0,367,0,True,False,False,1.0,0.0,0.0,0.0,0.0,102.323517,52.019642,-3.0
0,368,0,True,False,False,0.0,0.0,0.0,1.0,0.0,77.386951,65.768803,5.7
0,369,0,True,False,False,0.0,1.0,0.0,0.0,0.0,52.541252,42.548054,2.783456
0,370,0,True,False,False,0.0,0.0,0.0,1.0,0.0,67.035492,24.701782,13.3
0,371,0,True,False,False,0.0,0.0,0.0,1.0,0.0,19.534444,28.596421,13.3
0,372,0,True,False,False,0.0,0.0,0.0,1.0,0.0,96.017048,24.701782,1.9
0,373,0,True,False,False,1.0,0.0,0.0,0.0,0.0,26.267402,59.279178,-3.0
0,374,0,True,False,False,0.0,0.0,0.0,1.0,0.0,25.97479,28.596421,5.7
0,375,0,True,False,False,0.0,0.0,0.0,1.0,0.0,83.136357,28.369388,13.3
0,376,0,True,False,False,0.0,0.0,0.0,1.0,0.0,22.754617,17.5936,1.9
0,377,0,True,False,False,0.0,0.0,0.0,1.0,0.0,70.255665,32.036996,1.9
0,378,0,True,False,False,0.0,0.0,0.0,1.0,0.0,74.440242,43.546619,5.7
0,379,0,True,False,False,0.0,0.0,0.0,1.0,0.0,92.796875,24.701782,5.7
0,380,0,True,False,False,0.0,0.0,0.0,1.0,0.0,71.220069,68.943401,5.7
0,381,0,True,False,False,0.0,0.0,0.0,1.0,0.0,66.241364,81.428566,5.7
0,382,0,True,False,False,0.0,0.0,0.0,1.0,0.0,25.974791,32.264028,5.7
0,383,0,True,False,False,0.0,0.0,0.0,1.0,0.0,19.534443,13.925992,5.7
0,384,0,True,False,False,0.0,0.0,0.0,1.0,0.0,70.255665,24.701782,13.3
0,385,0,True,False,False,0.0,0.0,0.0,1.0,0.0,67.999897,68.943401,1.9
0,386,0,True,False,False,0.0,0.0,0.0,1.0,0.0,73.475837,24.701782,5.7
0,387,0,True,False,False,0.0,0.0,0.0,1.0,0.0,63.815319,28.369389,9.5
0,388,0,True,False,False,1.0,0.0,0.0,0.0,0.0,17.816723,73.798248,-3.0
0,389,0,True,False,False,1.0,0.0,0.0,0.0,0.0,102.323517,59.279179,-3.0
0,390,0,True,False,False,0.0,0.0,0.0,1.0,0.0,86.356529,32.036996,1.9
0,391,0,True,False,False,0.0,0.0,0.0,1.0,0.0,19.534444,46.934458,1.9
0,392,0,True,False,False,1.0,0.0,0.0,0.0,0.0,68.520798,66.538713,-3.0
0,393,0,True,False,False,1.0,0.0,0.0,0.0,0.0,110.774197,22.981495,-3.0
0,394,0,True,False,False,0.0,0.0,0.0,1.0,0.0,63.815319,28.369389,1.9
0,395,0,True,False,False,0.0,0.0,0.0,1.0,0.0,64.779722,65.768802,1.9
0,396,0,True,False,False,1.0,0.0,0.0,0.0,0.0,60.070118,88.317322,-3.0
0,397,0,True,False,False,0.0,0.0,0.0,1.0,0.0,25.974791,21.261208,1.9
0,398,0,True,False,False,0.0,0.0,0.0,1.0,0.0,31.780201,17.5936,9.5
0,399,0,True,False,False,0.0,0.0,0.0,1.0,0.0,64.779722,65.768802,5.7
0,400,0,True,False,False,0.0,0.0,0.0,1.0,0.0,73.475837,28.369388,13.3
0,401,0,True,False,False,0.0,0.0,0.0,1.0,0.0,67.999897,62.594205,1.9
0,402,0,True,False,False,0.0,0.0,0.0,1.0,0.0,19.534444,24.928814,9.5
0,403,0,True,False,False,0.0,0.0,0.0,1.0,0.0,89.576702,32.036996,13.3
0,404,0,True,False,False,0.0,0.0,0.0,1.0,0.0,16.31427,46.934458,13.3
0,405,0,True,False,False,0.0,0.0,0.0,1.0,0.0,67.999897,43.546619,13.3
0,406,0,True,False,False,0.0,0.0,0.0,1.0,0.0,77.386951,53.070414,1.9
0,407,0,True,False,False,0.0,0.0,0.0,1.0,0.0,99.23722,21.034175,1.9
0,408,0,True,False,False,1.0,0.0,0.0,0.0,0.0,85.422157,59.279178,-3.0
0,409,0,True,False,False,0.0,0.0,0.0,1.0,0.0,96.017048,32.036996,9.5
0,410,0,True,False,False,0.0,0.0,1.0,0.0,0.0,51.899031,46.721218,9.5
0,411,0,True,False,False,0.0,0.0,0.0,1.0,0.0,70.255664,21.034175,13.3
0,412,0,True,False,False,0.0,0.0,0.0,1.0,0.0,76.781151,46.721218,1.9
0,413,0,True,False,False,0.0,0.0,0.0,1.0,0.0,67.999897,46.721218,9.5
0,414,0,True,False,False,0.0,0.0,0.0,1.0,0.0,29.194963,28.596421,1.9
0,415,0,True,False,False,0.0,0.0,0.0,1.0,0.0,71.220069,53.070414,1.9
0,416,0,True,False,False,0.0,0.0,0.0,1.0,0.0,89.576702,24.701782,13.3
0,417,0,True,False,False,0.0,0.0,0.0,1.0,0.0,69.461536,81.428566,5.7
0,418,0,True,False,False,0.0,0.0,0.0,1.0,0.0,76.69601,32.036996,9.5
0,419,0,True,False,False,0.0,0.0,0.0,1.0,0.0,75.901882,78.76257,5.7
0,420,0,True,False,False,0.0,0.0,0.0,1.0,0.0,79.916184,24.701782,1.9
0,421,0,True,False,False,0.0,0.0,0.0,1.0,0.0,89.576702,32.036996,9.5
0,422,0,True,False,False,0.0,0.0,0.0,1.0,0.0,74.440242,43.546619,13.3
0,423,0,True,False,False,0.0,0.0,0.0,1.0,0.0,96.017048,32.036996,5.7
0,424,0,True,False,False,1.0,0.0,0.0,0.0,0.0,60.070118,44.760105,-3.0
0,425,0,True,False,False,1.0,0.0,0.0,0.0,0.0,76.971478,88.317321,-3.0
0,426,0,True,False,False,0.0,0.0,0.0,1.0,0.0,105.308171,24.701782,5.7
0,427,0,True,False,False,1.0,0.0,0.0,0.0,0.0,60.070118,22.981495,-3.0
0,428,0,True,False,False,0.0,0.0,0.0,1.0,0.0,79.916184,32.036996,13.3
0,429,0,True,False,False,0.0,0.0,0.0,1.0,0.0,102.457393,32.036996,9.5
0,430,0,True,False,False,0.0,0.0,0.0,1.0,0.0,66.241364,74.529694,1.9
0,431,0,True,False,False,0.0,0.0,0.0,1.0,0.0,70.255665,28.369389,9.5
0,432,0,True,False,False,1.0,0.0,0.0,0.0,0.0,17.816723,88.317322,-3.0
0,433,0,True,False,False,0.0,0.0,0.0,1.0,0.0,76.69601,28.369389,9.5
0,434,0,True,False,False,0.0,0.0,1.0,0.0,0.0,35.081803,46.721218,6.583456
0,435,0,True,False,False,0.0,0.0,0.0,1.0,0.0,31.780201,24.928814,1.9
0,436,0,True,False,False,0.0,0.0,0.0,1.0,0.0,73.475837,28.369388,5.7
0,437,0,True,False,False,1.0,0.0,0.0,0.0,0.0,60.070118,81.057785,-3.0
0,438,0,True,False,False,0.0,0.0,0.0,1.0,0.0,29.194964,17.5936,9.5
0,439,0,True,False,False,0.0,0.0,0.0,1.0,0.0,92.796875,32.036996,5.7
0,440,0,True,False,False,0.0,0.0,0.0,1.0,0.0,19.534443,21.261208,9.5
0,441,0,True,False,False,0.0,0.0,0.0,1.0,0.0,96.017048,21.034175,9.5
0,442,0,True,False,False,0.0,0.0,0.0,1.0,0.0,75.901882,78.76257,13.3
0,443,0,True,False,False,1.0,0.0,0.0,0.0,0.0,17.816723,59.279178,-3.0
0,444,0,True,False,False,0.0,0.0,0.0,1.0,0.0,75.901882,81.428566,13.3
0,445,0,True,False,False,0.0,0.0,0.0,1.0,0.0,64.779722,59.419609,1.9
0,446,0,True,False,False,0.0,0.0,0.0,1.0,0.0,63.815319,24.701782,13.3
0,447,0,True,False,False,0.0,0.0,0.0,1.0,0.0,19.534444,43.266849,9.5
0,448,0,True,False,False,1.0,0.0,0.0,0.0,0.0,110.774197,37.500569,-3.0
0,449,0,True,False,False,1.0,0.0,0.0,0.0,0.0,51.61944,59.279178,-3.0
0,450,0,True,False,False,0.0,0.0,0.0,1.0,0.0,83.136356,21.034175,13.3
0,451,0,True,False,False,0.0,0.0,0.0,1.0,0.0,72.68171,78.76257,1.9
0,452,0,True,False,False,0.0,0.0,0.0,1.0,0.0,67.999897,68.943401,5.7
0,453,0,True,False,False,0.0,0.0,0.0,1.0,0.0,16.314271,35.931635,13.3
0,454,0,True,False,False,0.0,0.0,0.0,1.0,0.0,29.194963,24.928814,1.9
0,455,0,True,False,False,0.0,0.0,0.0,1.0,0.0,96.017048,21.034175,5.7
0,456,0,True,False,False,1.0,0.0,0.0,0.0,0.0,68.520798,73.798248,-3.0
0,457,0,True,False,False,0.0,0.0,0.0,1.0,0.0,64.779722,46.721218,5.7
0,458,0,True,False,False,0.0,0.0,0.0,1.0,0.0,25.97479,13.925993,13.3
0,459,0,True,False,False,1.0,0.0,0.0,0.0,0.0,93.872837,44.760105,-3.0
0,460,0,True,False,False,0.0,0.0,0.0,1.0,0.0,63.021192,81.428566,13.3
0,461,0,True,False,False,0.0,0.0,0.0,1.0,0.0,76.69601,28.369389,13.3
0,462,0,True,False,False,0.0,0.0,0.0,1.0,0.0,83.136357,28.369389,1.9
0,463,0,True,False,False,1.0,0.0,0.0,0.0,0.0,9.366043,22.981495,-3.0
0,464,0,True,False,False,0.0,0.0,0.0,1.0,0.0,73.475837,21.034175,1.9
0,465,0,True,False,False,1.0,0.0,0.0,0.0,0.0,51.61944,81.057785,-3.0
0,466,0,True,False,False,0.0,0.0,0.0,1.0,0.0,72.681709,71.863697,5.7
0,467,0,True,False,False,0.0,0.0,1.0,0.0,0.0,45.458684,43.546619,6.583456
0,468,0,True,False,False,0.0,0.0,0.0,1.0,0.0,16.31427,17.5936,5.7
0,469,0,True,False,False,1.0,0.0,0.0,0.0,0.0,43.16876,15.721958,-3.0
0,470,0,True,False,False,0.0,0.0,0.0,1.0,0.0,99.23722,24.701782,9.5
0,471,0,True,False,False,0.0,0.0,0.0,1.0,0.0,69.461536,74.529693,9.5
0,472,0,True,False,False,0.0,0.0,0.0,1.0,0.0,64.779722,62.594206,5.7
0,473,0,True,False,False,0.0,0.0,0.0,1.0,0.0,69.461536,78.76257,17.1
0,474,0,True,False,False,0.0,0.0,1.0,0.0,0.0,58.339377,43.54662,9.5
0,475,0,True,False,False,0.0,0.0,0.0,1.0,0.0,64.779723,46.721218,9.5
0,476,0,True,False,False,0.0,0.0,0.0,1.0,0.0,70.255664,21.034175,1.9
0,477,0,True,False,False,1.0,0.0,0.0,0.0,0.0,60.070118,8.462421,-3.0
0,478,0,True,False,False,0.0,0.0,0.0,1.0,0.0,31.780201,28.596421,13.3
0,479,0,True,False,False,0.0,0.0,0.0,1.0,0.0,67.999897,49.895816,1.9
0,480,0,True,False,False,0.0,0.0,0.0,1.0,0.0,67.035491,28.369388,9.5
0,481,0,True,False,False,0.0,0.0,0.0,1.0,0.0,72.68171,71.863697,1.9
0,482,0,True,False,False,0.0,0.0,0.0,1.0,0.0,105.308171,24.701782,9.5
0,483,0,True,False,False,0.0,0.0,0.0,1.0,0.0,29.194964,24.928814,5.7
0,484,0,True,False,False,0.0,0.0,0.0,1.0,0.0,19.534444,35.931635,13.3
0,485,0,True,False,False,0.0,0.0,0.0,1.0,0.0,75.901883,71.863697,17.1
0,486,0,True,False,False,0.0,0.0,1.0,0.0,0.0,39.018339,43.546619,13.3
0,487,0,True,False,False,0.0,0.0,0.0,1.0,0.0,31.780201,13.925992,5.7
0,488,0,True,False,False,0.0,0.0,0.0,1.0,0.0,71.220069,46.721218,9.5
0,489,0,True,False,False,0.0,0.0,0.0,1.0,0.0,71.220069,49.895817,1.9
0,490,0,True,False,False,0.0,0.0,0.0,1.0,0.0,25.97479,13.925992,5.7
0,491,0,True,False,False,0.0,0.0,0.0,1.0,0.0,16.314271,17.5936,1.9
0,492,0,True,False,False,0.0,0.0,0.0,1.0,0.0,59.974565,81.428566,1.9
0,493,0,True,False,False,0.0,0.0,0.0,1.0,0.0,105.308171,24.701782,13.3
0,494,0,True,False,False,0.0,0.0,0.0,1.0,0.0,83.136356,32.036996,1.9
0,495,0,True,False,False,1.0,0.0,0.0,0.0,0.0,34.71808,22.981495,-3.0
0,496,0,True,False,False,0.0,0.0,0.0,1.0,0.0,73.475837,32.036996,13.3
0,497,0,True,False,False,0.0,0.0,0.0,1.0,0.0,67.999897,43.546619,9.5
0,498,0,True,False,False,0.0,0.0,0.0,1.0,0.0,64.779723,56.245011,1.9
0,499,0,True,False,False,1.0,0.0,0.0,0.0,0.0,93.872837,59.279178,-3.0
0,500,0,True,False,False,0.0,0.0,0.0,1.0,0.0,16.31427,21.261207,13.3
0,501,0,True,False,False,0.0,0.0,0.0,1.0,0.0,76.696011,24.701782,1.9
0,502,0,True,False,False,0.0,0.0,0.0,1.0,0.0,16.31427,24.928814,5.7
0,503,0,True,False,False,0.0,0.0,0.0,1.0,0.0,74.440242,49.895816,5.7
0,504,0,True,False,False,0.0,0.0,0.0,1.0,0.0,76.696011,21.034175,5.7
0,505,0,True,False,False,0.0,0.0,1.0,0.0,0.0,51.899031,43.546619,9.5
0,506,0,True,False,False,1.0,0.0,0.0,0.0,0.0,93.872837,22.981495,-3.0
0,507,0,True,False,False,0.0,0.0,0.0,1.0,0.0,73.475837,21.034175,13.3
0,508,0,True,False,False,0.0,0.0,0.0,1.0,0.0,16.31427,24.928814,1.9
0,509,0,True,False,False,0.0,0.0,0.0,1.0,0.0,63.021193,81.428566,5.7
0,510,0,True,False,False,1.0,0.0,0.0,0.0,0.0,76.971478,15.721958,-3.0
0,511,0,True,False,False,0.0,0.0,0.0,1.0,0.0,63.815319,24.701782,1.9
0,512,0,True,False,False,0.0,0.0,0.0,1.0,0.0,71.220069,56.24501,1.9
0,513,0,True,False,False,0.0,0.0,0.0,1.0,0.0,76.69601,24.701782,9.5
0,514,0,True,False,False,1.0,0.0,0.0,0.0,0.0,76.971478,52.019642,-3.0
0,515,0,True,False,False,0.0,0.0,1.0,0.0,0.0,45.458684,43.546619,9.5
0,516,0,True,False,False,0.0,0.0,0.0,1.0,0.0,70.255664,28.369388,1.9
0,517,0,True,False,False,0.0,0.0,0.0,1.0,0.0,96.017048,24.701782,9.5
0,518,0,True,False,False,0.0,0.0,0.0,1.0,0.0,31.780201,32.264028,9.5
0,519,0,True,False,False,0.0,0.0,1.0,0.0,0.0,61.559549,46.721218,6.583456
0,520,0,True,False,False,0.0,0.0,0.0,1.0,0.0,79.916184,21.034175,9.5
0,521,0,True,False,False,1.0,0.0,0.0,0.0,0.0,34.718081,15.721958,-3.0
0,522,0,True,False,False,0.0,0.0,0.0,1.0,0.0,73.475837,28.369388,9.5
0,523,0,True,False,False,0.0,0.0,0.0,1.0,0.0,99.237221,21.034175,5.7
0,524,0,True,False,False,1.0,0.0,0.0,0.0,0.0,68.520798,88.317322,-3.0
0,525,0,True,False,False,1.0,0.0,0.0,0.0,0.0,60.070118,37.500568,-3.0
0,526,0,True,False,False,0.0,0.0,0.0,1.0,0.0,71.220069,65.768802,5.7
0,527,0,True,False,False,0.0,0.0,0.0,1.0,0.0,66.241363,71.863697,5.7
0,528,0,True,False,False,0.0,0.0,0.0,1.0,0.0,74.440242,65.768803,1.9
0,529,0,True,False,False,0.0,0.0,0.0,1.0,0.0,102.457393,21.034175,1.9
0,530,0,True,False,False,1.0,0.0,0.0,0.0,0.0,60.070118,66.538714,-3.0
0,531,0,True,False,False,0.0,0.0,0.0,1.0,0.0,29.194963,43.26685,5.7
0,532,0,True,False,False,0.0,0.0,0.0,1.0,0.0,72.681709,74.529693,9.5
0,533,0,True,False,False,0.0,0.0,0.0,1.0,0.0,19.534444,28.596421,9.5
0,534,0,True,False,False,0.0,0.0,1.0,0.0,0.0,39.018339,43.546619,9.5
0,535,0,True,False,False,0.0,0.0,0.0,1.0,0.0,71.220069,46.721218,5.7
0,536,0,True,False,False,0.0,0.0,0.0,1.0,0.0,70.255665,21.034175,9.5
0,537,0,True,False,False,0.0,0.0,0.0,1.0,0.0,16.31427,24.928814,9.5
0,538,0,True,False,False,0.0,0.0,0.0,1.0,0.0,105.308171,24.701782,1.9
0,539,0,True,False,False,0.0,0.0,0.0,1.0,0.0,22.754618,46.934458,1.9
0,540,0,True,False,False,0.0,0.0,0.0,1.0,0.0,63.021193,78.76257,1.9
0,541,0,True,False,False,1.0,0.0,0.0,0.0,0.0,85.422157,44.760105,-3.0
0,542,0,True,False,False,1.0,0.0,0.0,0.0,0.0,60.070118,52.019642,-3.0
0,543,0,True,False,False,0.0,0.0,1.0,0.0,0.0,55.119204,46.721218,6.583456
0,544,0,True,False,False,0.0,0.0,0.0,1.0,0.0,69.461536,78.762569,9.5
0,545,0,True,False,False,1.0,0.0,0.0,0.0,0.0,68.520798,37.500568,-3.0
0,546,0,True,False,False,0.0,0.0,0.0,1.0,0.0,16.314271,28.596421,9.5
0,547,0,True,False,False,0.0,0.0,0.0,1.0,0.0,105.30817,21.034175,5.7
0,548,0,True,False,False,0.0,0.0,0.0,1.0,0.0,72.681709,81.428566,9.5
0,549,0,True,False,False,0.0,0.0,0.0,1.0,0.0,31.780201,17.5936,5.7
0,550,0,True,False,False,0.0,0.0,0.0,1.0,0.0,92.796875,24.701782,13.3
0,551,0,True,False,False,0.0,0.0,0.0,1.0,0.0,63.021192,71.863697,17.1
0,552,0,True,False,False,0.0,0.0,0.0,1.0,0.0,29.194964,32.264028,9.5
0,553,0,True,False,False,0.0,0.0,0.0,1.0,0.0,64.779723,56.245011,5.7
0,554,0,True,False,False,0.0,0.0,0.0,1.0,0.0,16.31427,28.596421,5.7
0,555,0,True,False,False,0.0,0.0,0.0,1.0,0.0,19.534443,39.599241,5.7
0,556,0,True,False,False,0.0,0.0,0.0,1.0,0.0,67.035491,32.036996,5.7
0,557,0,True,False,False,0.0,0.0,0.0,1.0,0.0,16.31427,21.261207,9.5
0,558,0,True,False,False,0.0,0.0,0.0,1.0,0.0,25.97479,28.596421,9.5
0,559,0,True,False,False,0.0,0.0,0.0,1.0,0.0,75.901882,78.76257,17.1
0,560,0,True,False,False,0.0,0.0,0.0,1.0,0.0,74.440242,62.594206,1.9
0,561,0,True,False,False,0.0,0.0,0.0,1.0,0.0,16.314271,46.934458,9.5
0,562,0,True,False,False,1.0,0.0,0.0,0.0,0.0,85.422157,37.500568,-3.0
0,563,0,True,False,False,0.0,0.0,0.0,1.0,0.0,16.314271,17.5936,13.3
0,564,0,True,False,False,1.0,0.0,0.0,0.0,0.0,34.71808,88.317321,-3.0
0,565,0,True,False,False,0.0,0.0,0.0,1.0,0.0,105.30817,21.034175,1.9
0,566,0,True,False,False,0.0,0.0,0.0,1.0,0.0,19.534443,21.261208,13.3
0,567,0,True,False,False,0.0,0.0,0.0,1.0,0.0,74.440242,46.721218,1.9
0,568,0,True,False,False,0.0,0.0,0.0,1.0,0.0,69.461536,74.529693,13.3
0,569,0,True,False,False,0.0,0.0,0.0,1.0,0.0,105.308171,28.369388,1.9
0,570,0,True,False,False,0.0,0.0,0.0,1.0,0.0,76.69601,21.034175,1.9
0,571,0,True,False,False,0.0,0.0,0.0,1.0,0.0,79.916184,32.036996,9.5
0,572,0,True,False,False,0.0,0.0,0.0,1.0,0.0,63.021193,74.529693,5.7
0,573,0,True,False,False,0.0,0.0,0.0,1.0,0.0,19.534443,24.928814,1.9
0,574,0,True,False,False,1.0,0.0,0.0,0.0,0.0,26.267402,44.760105,-3.0
0,575,0,True,False,False,0.0,0.0,0.0,1.0,0.0,31.780201,21.261207,5.7
0,576,0,True,False,False,0.0,0.0,1.0,0.0,0.0,39.01834,43.54662,6.583456
0,577,0,True,False,False,0.0,0.0,0.0,1.0,0.0,63.815319,32.036996,13.3
0,578,0,True,False,False,0.0,0.0,0.0,1.0,0.0,96.017048,21.034175,1.9
0,579,0,True,False,False,0.0,0.0,1.0,0.0,0.0,48.678857,46.721218,6.583456
0,580,0,True,False,False,1.0,0.0,0.0,0.0,0.0,85.422157,22.981495,-3.0
0,581,0,True,False,False,0.0,0.0,0.0,1.0,0.0,31.780201,13.925992,13.3
0,582,0,True,False,False,0.0,0.0,0.0,1.0,0.0,25.974791,17.5936,13.3
0,583,0,True,False,False,0.0,0.0,0.0,1.0,0.0,22.754618,43.26685,5.7
0,584,0,True,False,False,0.0,0.0,0.0,1.0,0.0,16.314271,35.931635,5.7
0,585,0,True,False,False,0.0,0.0,0.0,1.0,0.0,102.457394,21.034175,5.7
0,586,0,True,False,False,0.0,0.0,1.0,0.0,0.0,55.119203,43.546619,6.583456
0,587,0,True,False,False,0.0,0.0,0.0,1.0,0.0,73.475837,32.036996,9.5
0,588,0,True,False,False,1.0,0.0,0.0,0.0,0.0,9.366043,81.057785,-3.0
0,589,0,True,False,False,0.0,0.0,0.0,1.0,0.0,16.314271,43.26685,13.3
0,590,0,True,False,False,1.0,0.0,0.0,0.0,0.0,9.366043,73.798248,-3.0
0,591,0,True,False,False,0.0,0.0,0.0,1.0,0.0,72.681709,71.863697,17.1
0,592,0,True,False,False,0.0,0.0,0.0,1.0,0.0,67.035492,28.369388,13.3
0,593,0,True,False,False,0.0,0.0,0.0,1.0,0.0,16.31427,28.596421,1.9
0,594,0,True,False,False,0.0,0.0,0.0,1.0,0.0,79.916183,21.034175,1.9
0,595,0,True,False,False,0.0,0.0,0.0,1.0,0.0,67.035492,21.034175,1.9
0,596,0,True,False,False,0.0,0.0,0.0,1.0,0.0,86.35653,32.036996,5.7
0,597,0,True,False,False,0.0,0.0,0.0,1.0,0.0,71.220069,62.594205,1.9
0,598,0,True,False,False,1.0,0.0,0.0,0.0,0.0,85.422157,81.057785,-3.0
0,599,0,True,False,False,1.0,0.0,0.0,0.0,0.0,43.16876,22.981495,-3.0
0,600,0,True,False,False,0.0,0.0,0.0,1.0,0.0,16.31427,43.26685,1.9
0,601,0,True,False,False,0.0,0.0,0.0,1.0,0.0,73.475837,21.034175,5.7
0,602,0,True,False,False,0.0,0.0,0.0,1.0,0.0,31.780201,17.5936,13.3
0,603,0,True,False,False,0.0,0.0,0.0,1.0,0.0,63.021193,71.863697,9.5
0,604,0,True,False,False,1.0,0.0,0.0,0.0,0.0,102.323517,8.462421,-3.0
0,605,0,True,False,False,1.0,0.0,0.0,0.0,0.0,51.61944,8.462421,-3.0
0,606,0,True,False,False,1.0,0.0,0.0,0.0,0.0,93.872837,15.721958,-3.0
0,607,0,True,False,False,0.0,0.0,0.0,1.0,0.0,29.194964,21.261208,9.5
0,608,0,True,False,False,0.0,0.0,0.0,1.0,0.0,29.194964,46.934458,13.3
0,609,0,True,False,False,0.0,0.0,0.0,1.0,0.0,16.31427,32.264028,9.5
0,610,0,True,False,False,0.0,0.0,0.0,1.0,0.0,64.779723,53.070414,5.7
0,611,0,True,False,False,0.0,0.0,0.0,1.0,0.0,92.796875,21.034175,9.5
0,612,0,True,False,False,0.0,0.0,0.0,1.0,0.0,69.461537,71.863697,9.5
0,613,0,True,False,False,1.0,0.0,0.0,0.0,0.0,26.267402,8.462421,-3.0
0,614,0,True,False,False,0.0,0.0,0.0,1.0,0.0,72.681709,71.863697,13.3
0,615,0,True,False,False,0.0,0.0,1.0,0.0,0.0,55.119203,46.721218,9.5
0,616,0,True,False,False,0.0,0.0,0.0,1.0,0.0,16.31427,32.264028,5.7
0,617,0,True,False,False,0.0,0.0,0.0,1.0,0.0,77.386952,53.070414,5.7
0,618,0,True,False,False,1.0,0.0,0.0,0.0,0.0,85.422157,66.538714,-3.0
0,619,0,True,False,False,0.0,0.0,0.0,1.0,0.0,60.595144,24.701782,1.9
0,620,0,True,False,False,0.0,0.0,0.0,1.0,0.0,77.386952,59.419609,5.7
0,621,0,True,False,False,0.0,0.0,0.0,1.0,0.0,74.440242,62.594206,5.7
0,622,0,True,False,False,0.0,0.0,0.0,1.0,0.0,86.356529,28.369389,9.5
0,623,0,True,False,False,0.0,0.0,1.0,0.0,0.0,61.55955,43.54662,6.583456
0,624,0,True,False,False,1.0,0.0,0.0,0.0,0.0,9.366043,30.241032,-3.0
0,625,0,True,False,False,0.0,0.0,0.0,1.0,0.0,22.754617,43.26685,1.9
0,626,0,True,False,False,0.0,0.0,0.0,1.0,0.0,25.97479,43.266849,13.3
0,627,0,True,False,False,1.0,0.0,0.0,0.0,0.0,43.16876,81.057785,-3.0
0,628,0,True,False,False,0.0,0.0,1.0,0.0,0.0,51.899031,43.546619,6.583456
0,629,0,True,False,False,0.0,0.0,0.0,1.0,0.0,60.595144,21.034175,13.3
0,630,0,True,False,False,0.0,0.0,0.0,1.0,0.0,74.440242,53.070414,1.9
0,631,0,True,False,False,0.0,0.0,1.0,0.0,0.0,48.678858,46.721218,13.3
0,632,0,True,False,False,0.0,0.0,0.0,1.0,0.0,63.815319,24.701782,5.7
0,633,0,True,False,False,0.0,0.0,0.0,1.0,0.0,19.534443,32.264028,5.7
0,634,0,True,False,False,1.0,0.0,0.0,0.0,0.0,110.774197,52.019642,-3.0
0,635,0,True,False,False,0.0,0.0,0.0,1.0,0.0,19.534444,46.934458,13.3
0,636,0,True,False,False,0.0,0.0,1.0,0.0,0.0,58.339377,46.721218,6.583456
0,637,0,True,False,False,0.0,0.0,0.0,1.0,0.0,76.69601,32.036996,5.7
0,638,0,True,False,False,0.0,0.0,0.0,1.0,0.0,99.23722,28.369388,13.3
0,639,0,True,False,False,1.0,0.0,0.0,0.0,0.0,34.718081,30.241031,-3.0
0,640,0,True,False,False,0.0,0.0,0.0,1.0,0.0,83.136356,21.034175,5.7
0,641,0,True,False,False,0.0,0.0,0.0,1.0,0.0,60.595145,32.036996,13.3
0,642,0,True,False,False,0.0,0.0,0.0,1.0,0.0,22.754618,46.934458,9.5
0,643,0,True,False,False,0.0,0.0,0.0,1.0,0.0,66.241363,71.863697,1.9
0,644,0,True,False,False,1.0,0.0,0.0,0.0,0.0,93.872837,30.241032,-3.0
0,645,0,True,False,False,0.0,0.0,0.0,1.0,0.0,25.97479,21.261208,5.7
0,646,0,True,False,False,0.0,0.0,0.0,1.0,0.0,31.780201,43.266849,1.9
0,647,0,True,False,False,0.0,0.0,0.0,1.0,0.0,86.356529,28.369388,13.3
0,648,0,True,False,False,0.0,0.0,0.0,1.0,0.0,19.534443,13.925992,1.9
0,649,0,True,False,False,0.0,0.0,0.0,1.0,0.0,86.356529,21.034175,13.3
0,650,0,True,False,False,0.0,0.0,0.0,1.0,0.0,74.440242,68.943402,1.9
0,651,0,True,False,False,0.0,0.0,0.0,1.0,0.0,31.780201,13.925992,9.5
0,652,0,True,False,False,0.0,0.0,0.0,1.0,0.0,67.035491,28.369388,1.9
0,653,0,True,False,False,0.0,0.0,0.0,1.0,0.0,25.974791,43.26685,9.5
0,654,0,True,False,False,1.0,0.0,0.0,0.0,0.0,51.61944,15.721958,-3.0
0,655,0,True,False,False,0.0,0.0,0.0,1.0,0.0,25.97479,28.596421,13.3
0,656,0,True,False,False,0.0,0.0,0.0,1.0,0.0,102.457393,28.369388,9.5
0,657,0,True,False,False,1.0,0.0,0.0,0.0,0.0,93.872837,52.019642,-3.0
0,658,0,True,False,False,1.0,0.0,0.0,0.0,0.0,76.971477,59.279179,-3.0
0,659,0,True,False,False,0.0,0.0,0.0,1.0,0.0,31.780201,21.261208,13.3
0,660,0,True,False,False,0.0,0.0,0.0,1.0,0.0,89.576702,32.036996,5.7
0,661,0,True,False,False,0.0,0.0,0.0,1.0,0.0,16.314271,24.928814,13.3
0,662,0,True,False,False,0.0,0.0,0.0,1.0,0.0,74.440242,43.546619,9.5
0,663,0,True,False,False,0.0,0.0,0.0,1.0,0.0,29.194963,32.264028,5.7
0,664,0,True,False,False,1.0,0.0,0.0,0.0,0.0,34.71808,8.462421,-3.0
0,665,0,True,False,False,0.0,0.0,1.0,0.0,0.0,61.559549,43.546619,9.5
0,666,0,True,False,False,0.0,0.0,0.0,1.0,0.0,71.220069,62.594206,5.7
0,667,0,True,False,False,0.0,0.0,0.0,1.0,0.0,63.021192,71.863697,13.3
0,668,0,True,False,False,0.0,0.0,0.0,1.0,0.0,31.780201,43.26685,13.3
0,669,0,True,False,False,1.0,0.0,0.0,0.0,0.0,9.366043,37.500568,-3.0
0,670,0,True,False,False,0.0,0.0,0.0,1.0,0.0,99.23722,24.701782,1.9
0,671,0,True,False,False,0.0,0.0,1.0,0.0,0.0,48.678857,46.721218,9.5
0,672,0,True,False,False,0.0,0.0,0.0,1.0,0.0,92.796875,28.369388,9.5
0,673,0,True,False,False,0.0,0.0,0.0,1.0,0.0,73.475838,24.701782,9.5
0,674,0,True,False,False,1.0,0.0,0.0,0.0,0.0,102.323517,37.500568,-3.0
0,675,0,True,False,False,0.0,0.0,0.0,1.0,0.0,59.974565,81.428566,13.3
0,676,0,True,False,False,0.0,0.0,0.0,1.0,0.0,31.780201,46.934458,5.7
0,677,0,True,False,False,1.0,0.0,0.0,0.0,0.0,43.16876,73.798248,-3.0
0,678,0,True,False,False,0.0,0.0,0.0,1.0,0.0,64.779722,49.895816,5.7
0,679,0,True,False,False,1.0,0.0,0.0,0.0,0.0,17.816723,22.981495,-3.0
0,680,0,True,False,False,0.0,0.0,0.0,1.0,0.0,89.576702,28.369389,1.9
0,681,0,True,False,False,0.0,0.0,0.0,1.0,0.0,63.021193,78.76257,17.1
0,682,0,True,False,False,0.0,0.0,0.0,1.0,0.0,19.534444,43.26685,13.3
0,683,0,True,False,False,0.0,0.0,0.0,1.0,0.0,89.576702,28.369388,5.7
0,684,0,True,False,False,0.0,0.0,0.0,1.0,0.0,79.916183,32.036996,5.7
0,685,0,True,False,False,0.0,0.0,0.0,1.0,0.0,83.136356,24.701782,1.9
0,686,0,True,False,False,0.0,0.0,0.0,1.0,0.0,25.97479,24.928814,13.3
0,687,0,True,False,False,1.0,0.0,0.0,0.0,0.0,26.267402,52.019642,-3.0
0,688,0,True,False,False,0.0,0.0,0.0,1.0,0.0,83.136356,32.036996,5.7
0,689,0,True,False,False,0.0,0.0,0.0,1.0,0.0,60.595144,24.701782,9.5
0,690,0,True,False,False,1.0,0.0,0.0,0.0,0.0,68.520798,22.981495,-3.0
0,691,0,True,False,False,0.0,0.0,0.0,1.0,0.0,92.796875,21.034175,13.3
0,692,0,True,False,False,0.0,0.0,0.0,1.0,0.0,25.974791,13.925993,9.5
0,693,0,True,False,False,0.0,0.0,0.0,1.0,0.0,16.31427,13.925993,9.5
0,694,0,True,False,False,0.0,0.0,0.0,1.0,0.0,77.386951,62.594206,1.9
0,695,0,True,False,False,0.0,0.0,0.0,1.0,0.0,71.22007,53.070414,5.7
0,696,0,False,True,False,1.0,0.0,0.0,0.0,0.0,110.774197,15.721958,-3.0
0,697,0,False,True,False,1.0,0.0,0.0,0.0,0.0,43.16876,37.500568,-3.0
0,698,0,False,True,False,0.0,0.0,0.0,1.0,0.0,70.255664,28.369388,5.7
0,699,0,False,True,False,0.0,0.0,0.0,1.0,0.0,31.780201,13.925993,1.9
0,700,0,False,True,False,0.0,0.0,0.0,1.0,0.0,86.356529,21.034175,5.7
0,701,0,False,True,False,0.0,0.0,0.0,0.0,1.0,23.723836,32.125869,7.6
0,702,0,False,True,False,0.0,0.0,0.0,1.0,0.0,67.999897,46.721218,5.7
0,703,0,False,True,False,0.0,0.0,0.0,1.0,0.0,76.696011,32.036996,13.3
0,704,0,False,True,False,0.0,0.0,0.0,1.0,0.0,69.461536,78.762569,5.7
0,705,0,False,True,False,0.0,0.0,0.0,1.0,0.0,19.534443,21.261207,1.9
0,706,0,False,True,False,0.0,0.0,0.0,1.0,0.0,74.440242,56.24501,1.9
0,707,0,False,True,False,0.0,0.0,0.0,1.0,0.0,29.194964,46.934458,1.9
0,708,0,False,True,False,0.0,0.0,0.0,1.0,0.0,16.314271,39.599241,13.3
0,709,0,False,True,False,0.0,0.0,0.0,1.0,0.0,76.69601,28.369388,5.7
0,710,0,False,True,False,0.0,0.0,0.0,1.0,0.0,29.194963,32.264029,1.9
0,711,0,False,True,False,0.0,0.0,0.0,1.0,0.0,25.97479,28.596421,1.9
0,712,0,False,True,False,0.0,0.0,1.0,0.0,0.0,48.678857,43.546619,9.5
0,713,0,False,True,False,0.0,0.0,0.0,1.0,0.0,74.440242,56.245011,5.7
0,714,0,False,True,False,0.0,0.0,0.0,1.0,0.0,29.194963,28.596421,5.7
0,715,0,False,True,False,1.0,0.0,0.0,0.0,0.0,34.71808,81.057785,-3.0
0,716,0,False,True,False,0.0,0.0,0.0,1.0,0.0,66.241364,81.428566,1.9
0,717,0,False,True,False,0.0,0.0,0.0,1.0,0.0,70.255665,24.701782,9.5
0,718,0,False,True,False,1.0,0.0,0.0,0.0,0.0,68.520798,44.760105,-3.0
0,719,0,False,True,False,0.0,0.0,0.0,1.0,0.0,75.901882,74.529693,1.9
0,720,0,False,True,False,0.0,0.0,0.0,1.0,0.0,102.457394,24.701782,13.3
0,721,0,False,True,False,0.0,0.0,0.0,1.0,0.0,63.021192,71.863697,1.9
0,722,0,False,True,False,1.0,0.0,0.0,0.0,0.0,51.61944,73.798248,-3.0
0,723,0,False,True,False,0.0,0.0,0.0,1.0,0.0,64.779723,43.54662,9.5
0,724,0,False,True,False,0.0,0.0,0.0,1.0,0.0,75.901882,71.863697,1.9
0,725,0,False,True,False,1.0,0.0,0.0,0.0,0.0,60.070118,59.279178,-3.0
0,726,0,False,True,False,0.0,0.0,0.0,1.0,0.0,67.999897,62.594206,5.7
0,727,0,False,True,False,0.0,0.0,0.0,1.0,0.0,73.475837,32.036996,5.7
0,728,0,False,True,False,0.0,0.0,0.0,1.0,0.0,16.314271,17.5936,9.5
0,729,0,False,True,False,0.0,0.0,0.0,1.0,0.0,69.461536,81.428566,13.3
0,730,0,False,True,False,0.0,0.0,0.0,1.0,0.0,19.534443,35.931635,9.5
0,731,0,False,True,False,0.0,0.0,0.0,1.0,0.0,75.901882,71.863697,13.3
0,732,0,False,True,False,0.0,0.0,0.0,1.0,0.0,99.23722,21.034175,9.5
0,733,0,False,True,False,0.0,0.0,0.0,1.0,0.0,25.97479,32.264028,9.5
0,734,0,False,True,False,0.0,0.0,0.0,1.0,0.0,70.255664,24.701782,1.9
0,735,0,False,True,False,0.0,0.0,0.0,1.0,0.0,25.974791,17.5936,1.9
0,736,0,False,True,False,0.0,0.0,0.0,1.0,0.0,16.31427,21.261207,5.7
0,737,0,False,True,False,0.0,0.0,0.0,1.0,0.0,19.534443,24.928814,5.7
0,738,0,False,True,False,0.0,0.0,0.0,1.0,0.0,25.97479,43.266849,1.9
0,739,0,False,True,False,1.0,0.0,0.0,0.0,0.0,85.422157,52.019642,-3.0
0,740,0,False,True,False,0.0,0.0,0.0,1.0,0.0,96.017048,24.701782,5.7
0,741,0,False,True,False,0.0,0.0,0.0,1.0,0.0,19.534444,17.5936,9.5
0,742,0,False,True,False,1.0,0.0,0.0,0.0,0.0,102.323517,15.721958,-3.0
0,743,0,False,True,False,0.0,0.0,0.0,1.0,0.0,67.035491,24.701782,1.9
0,744,0,False,True,False,1.0,0.0,0.0,0.0,0.0,102.323517,44.760105,-3.0
0,745,0,False,True,False,1.0,0.0,0.0,0.0,0.0,43.16876,59.279179,-3.0
0,746,0,False,True,False,1.0,0.0,0.0,0.0,0.0,102.323517,66.538714,-3.0
0,747,0,False,True,False,0.0,0.0,0.0,1.0,0.0,67.999897,46.721218,1.9
0,748,0,False,True,False,0.0,0.0,0.0,1.0,0.0,63.815319,21.034175,13.3
0,749,0,False,True,False,0.0,0.0,0.0,1.0,0.0,31.780201,43.266849,5.7
0,750,0,False,True,False,0.0,0.0,1.0,0.0,0.0,61.55955,46.721218,13.3
0,751,0,False,True,False,0.0,0.0,0.0,1.0,0.0,19.534444,32.264029,13.3
0,752,0,False,True,False,0.0,0.0,0.0,1.0,0.0,83.136356,28.369388,5.7
0,753,0,False,True,False,0.0,0.0,0.0,1.0,0.0,99.23722,28.369389,9.5
0,754,0,False,True,False,0.0,0.0,0.0,1.0,0.0,60.595144,24.701782,5.7
0,755,0,False,True,False,0.0,0.0,0.0,1.0,0.0,19.534443,46.934458,5.7
0,756,0,False,True,False,0.0,0.0,0.0,1.0,0.0,79.916184,21.034175,13.3
0,757,0,False,True,False,1.0,0.0,0.0,0.0,0.0,102.323517,30.241032,-3.0
0,758,0,False,True,False,0.0,0.0,0.0,1.0,0.0,75.901882,71.863697,9.5
0,759,0,False,True,False,0.0,0.0,0.0,1.0,0.0,29.194964,43.26685,13.3
0,760,0,False,True,False,0.0,0.0,0.0,1.0,0.0,96.017048,28.369388,1.9
0,761,0,False,True,False,1.0,0.0,0.0,0.0,0.0,17.816723,66.538713,-3.0
0,762,0,False,True,False,0.0,0.0,0.0,1.0,0.0,89.576702,24.701782,1.9
0,763,0,False,True,False,0.0,0.0,0.0,1.0,0.0,16.314271,13.925993,13.3
0,764,0,False,True,False,0.0,0.0,0.0,1.0,0.0,67.999897,53.070414,5.7
0,765,0,False,True,False,0.0,0.0,1.0,0.0,0.0,51.89903,46.721218,6.583456
0,766,0,False,True,False,0.0,0.0,0.0,1.0,0.0,63.021193,74.529693,1.9
0,767,0,False,True,False,1.0,0.0,0.0,0.0,0.0,60.070118,73.798249,-3.0
0,768,0,False,True,False,0.0,0.0,0.0,1.0,0.0,72.681709,74.529693,17.1
0,769,0,False,True,False,0.0,0.0,0.0,1.0,0.0,63.815319,21.034175,1.9
0,770,0,False,True,False,0.0,0.0,0.0,1.0,0.0,71.220069,43.54662,13.3
0,771,0,False,True,False,1.0,0.0,0.0,0.0,0.0,43.16876,30.241031,-3.0
0,772,0,False,True,False,0.0,0.0,0.0,1.0,0.0,89.576702,21.034175,9.5
0,773,0,False,True,False,0.0,0.0,0.0,1.0,0.0,86.356529,32.036996,9.5
0,774,0,False,True,False,0.0,0.0,0.0,1.0,0.0,72.68171,78.762569,17.1
0,775,0,False,True,False,0.0,0.0,0.0,1.0,0.0,22.754618,17.5936,13.3
0,776,0,False,True,False,1.0,0.0,0.0,0.0,0.0,102.323517,81.057785,-3.0
0,777,0,False,True,False,0.0,0.0,0.0,1.0,0.0,67.999897,59.419609,1.9
0,778,0,False,True,False,0.0,0.0,0.0,1.0,0.0,79.916183,24.701782,13.3
0,779,0,False,True,False,1.0,0.0,0.0,0.0,0.0,85.422157,8.462421,-3.0
0,780,0,False,True,False,0.0,0.0,1.0,0.0,0.0,48.678857,43.546619,6.583456
0,781,0,False,True,False,0.0,0.0,0.0,1.0,0.0,77.386952,56.245011,5.7
0,782,0,False,True,False,0.0,0.0,0.0,1.0,0.0,76.69601,21.034175,9.5
0,783,0,False,False,True,0.0,0.0,0.0,1.0,0.0,86.35653,32.036996,13.3
0,784,0,False,False,True,0.0,0.0,0.0,1.0,0.0,71.220069,43.546619,1.9
0,785,0,False,False,True,0.0,0.0,0.0,1.0,0.0,99.23722,32.036996,13.3
0,786,0,False,False,True,0.0,0.0,0.0,1.0,0.0,66.241364,78.762569,1.9
0,787,0,False,False,True,0.0,0.0,0.0,1.0,0.0,16.31427,43.266849,5.7
0,788,0,False,False,True,0.0,0.0,0.0,1.0,0.0,102.457393,32.036996,13.3
0,789,0,False,False,True,0.0,0.0,0.0,1.0,0.0,66.241364,71.863697,17.1
0,790,0,False,False,True,0.0,0.0,0.0,1.0,0.0,63.815319,28.369388,5.7
0,791,0,False,False,True,1.0,0.0,0.0,0.0,0.0,110.774197,66.538713,-3.0
0,792,0,False,False,True,0.0,0.0,0.0,1.0,0.0,83.136356,28.369389,9.5
0,793,0,False,False,True,0.0,0.0,0.0,1.0,0.0,83.136356,21.034175,1.9
0,794,0,False,False,True,0.0,0.0,0.0,1.0,0.0,66.241364,71.863697,13.3
0,795,0,False,False,True,1.0,0.0,0.0,0.0,0.0,26.267402,66.538714,-3.0
0,796,0,False,False,True,0.0,0.0,0.0,1.0,0.0,76.781151,46.721218,5.7
0,797,0,False,False,True,0.0,0.0,0.0,1.0,0.0,69.461536,81.428566,1.9
0,798,0,False,False,True,0.0,0.0,1.0,0.0,0.0,45.458684,46.721218,9.5
0,799,0,False,False,True,0.0,0.0,0.0,1.0,0.0,73.475837,24.701782,13.3
0,800,0,False,False,True,1.0,0.0,0.0,0.0,0.0,51.61944,66.538713,-3.0
0,801,0,False,False,True,0.0,0.0,0.0,1.0,0.0,67.035492,32.036996,13.3
0,802,0,False,False,True,0.0,0.0,0.0,1.0,0.0,102.457393,24.701782,1.9
0,803,0,False,False,True,1.0,0.0,0.0,0.0,0.0,102.323517,88.317322,-3.0
0,804,0,False,False,True,0.0,0.0,0.0,1.0,0.0,102.457393,28.369388,1.9
0,805,0,False,False,True,0.0,0.0,0.0,1.0,0.0,64.779722,49.895816,1.9
0,806,0,False,False,True,0.0,0.0,0.0,1.0,0.0,64.779723,46.721218,13.3
0,807,0,False,False,True,0.0,0.0,0.0,1.0,0.0,60.595144,32.036996,1.9
0,808,0,False,False,True,0.0,0.0,0.0,1.0,0.0,31.780201,24.928814,9.5
0,809,0,False,False,True,0.0,0.0,0.0,1.0,0.0,67.035491,24.701782,9.5
0,810,0,False,False,True,0.0,0.0,0.0,1.0,0.0,105.30817,32.036996,9.5
0,811,0,False,False,True,0.0,0.0,0.0,1.0,0.0,16.314271,28.596421,13.3
0,812,0,False,False,True,0.0,0.0,0.0,1.0,0.0,19.534444,32.264029,9.5
0,813,0,False,False,True,0.0,0.0,0.0,1.0,0.0,70.255664,32.036996,9.5
0,814,0,False,False,True,0.0,0.0,0.0,1.0,0.0,96.017048,32.036996,1.9
0,815,0,False,False,True,0.0,0.0,0.0,1.0,0.0,19.534444,35.931635,1.9
0,816,0,False,False,True,0.0,0.0,0.0,1.0,0.0,29.194963,46.934458,5.7
0,817,0,False,False,True,0.0,0.0,0.0,1.0,0.0,64.779722,46.721218,1.9
0,818,0,False,False,True,0.0,0.0,0.0,1.0,0.0,77.386951,65.768803,1.9
0,819,0,False,False,True,1.0,0.0,0.0,0.0,0.0,110.774197,81.057785,-3.0
0,820,0,False,False,True,0.0,0.0,0.0,1.0,0.0,63.815319,28.369388,13.3
0,821,0,False,False,True,0.0,0.0,0.0,1.0,0.0,31.780201,24.928814,5.7
0,822,0,False,False,True,0.0,0.0,0.0,1.0,0.0,99.237221,21.034175,13.3
0,823,0,False,False,True,0.0,0.0,0.0,1.0,0.0,76.781151,46.721218,13.3
0,824,0,False,False,True,1.0,0.0,0.0,0.0,0.0,68.520798,81.057785,-3.0
0,825,0,False,False,True,0.0,0.0,1.0,0.0,0.0,61.55955,46.721218,9.5
0,826,0,False,False,True,0.0,0.0,0.0,1.0,0.0,63.021192,74.529694,17.1
0,827,0,False,False,True,1.0,0.0,0.0,0.0,0.0,26.267402,22.981495,-3.0
0,828,0,False,False,True,0.0,0.0,0.0,1.0,0.0,22.754617,17.5936,5.7
0,829,0,False,False,True,0.0,0.0,0.0,1.0,0.0,31.780201,21.261207,9.5
0,830,0,False,False,True,0.0,0.0,0.0,1.0,0.0,92.796875,24.701782,1.9
0,831,0,False,False,True,0.0,0.0,0.0,1.0,0.0,75.901882,74.529693,9.5
0,832,0,False,False,True,1.0,0.0,0.0,0.0,0.0,43.16876,8.462421,-3.0
0,833,0,False,False,True,0.0,0.0,0.0,1.0,0.0,74.440242,59.419609,5.7
0,834,0,False,False,True,0.0,0.0,0.0,1.0,0.0,67.999897,59.419609,5.7
0,835,0,False,False,True,1.0,0.0,0.0,0.0,0.0,76.971478,73.798249,-3.0
0,836,0,False,False,True,0.0,0.0,0.0,1.0,0.0,70.255664,28.369388,13.3
0,837,0,False,False,True,0.0,0.0,0.0,1.0,0.0,60.595145,28.369388,5.7
0,838,0,False,False,True,0.0,0.0,0.0,1.0,0.0,64.779722,43.546619,1.9
0,839,0,False,False,True,0.0,0.0,0.0,1.0,0.0,69.461536,81.428566,9.5
0,840,0,False,False,True,0.0,0.0,0.0,1.0,0.0,92.796875,21.034175,1.9
0,841,0,False,False,True,0.0,0.0,0.0,1.0,0.0,19.534444,43.26685,1.9
0,842,0,False,False,True,0.0,0.0,0.0,1.0,0.0,69.461536,71.863697,1.9
0,843,0,False,False,True,0.0,0.0,0.0,1.0,0.0,22.754618,17.5936,9.5
0,844,0,False,False,True,0.0,0.0,1.0,0.0,0.0,45.458685,46.721218,6.583456
0,845,0,False,False,True,0.0,0.0,0.0,1.0,0.0,86.35653,24.701782,13.3
0,846,0,False,False,True,1.0,0.0,0.0,0.0,0.0,43.16876,66.538713,-3.0
0,847,0,False,False,True,0.0,0.0,0.0,1.0,0.0,19.534444,17.5936,5.7
0,848,0,False,False,True,0.0,0.0,0.0,1.0,0.0,66.241364,71.863697,9.5
0,849,0,False,False,True,0.0,0.0,0.0,1.0,0.0,67.035491,28.369388,5.7
0,850,0,False,False,True,0.0,0.0,0.0,1.0,0.0,16.31427,46.934458,5.7
0,851,0,False,False,True,1.0,0.0,0.0,0.0,0.0,26.267402,88.317322,-3.0
0,852,0,False,False,True,0.0,0.0,0.0,1.0,0.0,63.815319,32.036996,5.7
0,853,0,False,False,True,0.0,0.0,0.0,1.0,0.0,71.220069,46.721218,13.3
0,854,0,False,False,True,0.0,0.0,0.0,1.0,0.0,59.974565,81.428566,17.1
0,855,0,False,False,True,0.0,0.0,0.0,1.0,0.0,25.974791,17.5936,5.7
0,856,0,False,False,True,0.0,0.0,0.0,1.0,0.0,67.999897,65.768802,5.7
0,857,0,False,False,True,0.0,0.0,0.0,1.0,0.0,66.241364,74.529694,9.5
0,858,0,False,False,True,0.0,0.0,0.0,1.0,0.0,69.461537,74.529693,1.9
0,859,0,False,False,True,1.0,0.0,0.0,0.0,0.0,76.971478,44.760106,-3.0
0,860,0,False,False,True,1.0,0.0,0.0,0.0,0.0,51.61944,88.317321,-3.0
0,861,0,False,False,True,0.0,0.0,0.0,1.0,0.0,99.23722,24.701782,5.7
0,862,0,False,False,True,0.0,0.0,0.0,1.0,0.0,71.220069,49.895816,5.7
0,863,0,False,False,True,0.0,0.0,0.0,1.0,0.0,31.780201,21.261207,1.9
0,864,0,False,False,True,0.0,0.0,1.0,0.0,0.0,51.899031,46.721218,13.3
0,865,0,False,False,True,1.0,0.0,0.0,0.0,0.0,17.816723,30.241031,-3.0
0,866,0,False,False,True,0.0,0.0,0.0,1.0,0.0,71.220069,68.943401,1.9
0,867,0,False,False,True,0.0,0.0,0.0,1.0,0.0,79.916184,21.034175,5.7
0,868,0,False,False,True,0.0,0.0,0.0,1.0,0.0,75.901882,74.529694,13.3
0,869,0,False,False,True,1.0,0.0,0.0,0.0,0.0,110.774197,30.241032,-3.0
0,870,0,False,False,True,0.0,0.0,0.0,1.0,0.0,79.916184,28.369388,5.7
